0,0.10024,0.14935,0.089776,0.020096,0.020096,0.13214,0.13694,0.14646,0.14305,0.061865,0
1,0.10027,0.15742,0.088103,0.0070246,0.0070246,0.1374,0.14298,0.15406,0.15009,0.055627,0
2,0.10025,0.15193,0.089241,0.015913,0.015913,0.13383,0.13887,0.14889,0.1453,0.059869,0
3,0.10027,0.15648,0.088297,0.0085421,0.0085421,0.13679,0.14228,0.15317,0.14927,0.056351,0
4,0.10024,0.15005,0.089631,0.018962,0.018962,0.1326,0.13746,0.14712,0.14366,0.061324,0
5,0.10025,0.1517,0.089288,0.016285,0.016285,0.13368,0.1387,0.14867,0.1451,0.060046,0
6,0.10027,0.15721,0.088147,0.0073657,0.0073657,0.13726,0.14282,0.15386,0.14991,0.05579,0
7,0.10024,0.14994,0.089653,0.019134,0.019134,0.13253,0.13738,0.14702,0.14357,0.061406,0
8,0.10026,0.15391,0.08883,0.0127,0.0127,0.13512,0.14035,0.15076,0.14703,0.058336,0
9,0.10026,0.15406,0.088798,0.012457,0.012457,0.13522,0.14047,0.1509,0.14716,0.05822,0
10,0.10026,0.15523,0.088556,0.010563,0.010563,0.13598,0.14134,0.152,0.14818,0.057316,0
11,0.10027,0.15625,0.088345,0.0089172,0.0089172,0.13664,0.1421,0.15296,0.14907,0.05653,0
12,0.10023,0.14797,0.090061,0.022323,0.022323,0.13125,0.13591,0.14516,0.14185,0.062928,0
13,0.10026,0.15437,0.088735,0.011959,0.011959,0.13542,0.1407,0.15119,0.14743,0.057982,0
14,0.10027,0.15732,0.088124,0.007186,0.007186,0.13734,0.1429,0.15396,0.15,0.055704,0
15,0.10025,0.15138,0.089355,0.016807,0.016807,0.13347,0.13846,0.14837,0.14482,0.060296,0
16,0.10027,0.1572,0.088149,0.0073826,0.0073826,0.13726,0.14281,0.15385,0.1499,0.055798,0
17,0.10024,0.14932,0.08978,0.020132,0.020132,0.13213,0.13692,0.14644,0.14303,0.061882,0
18,0.10027,0.15559,0.088481,0.0099788,0.0099788,0.13621,0.14161,0.15234,0.1485,0.057037,0
19,0.10024,0.14956,0.089732,0.019753,0.019753,0.13228,0.13709,0.14666,0.14323,0.061702,0
20,0.10024,0.15094,0.089446,0.017517,0.017517,0.13318,0.13813,0.14796,0.14444,0.060635,0
21,0.10024,0.14968,0.089707,0.01956,0.01956,0.13236,0.13718,0.14677,0.14334,0.06161,0
22,0.10024,0.14942,0.089761,0.019983,0.019983,0.13219,0.13699,0.14652,0.14311,0.061811,0
23,0.10025,0.15145,0.089341,0.016694,0.016694,0.13351,0.13851,0.14843,0.14488,0.060242,0
24,0.10023,0.14785,0.090087,0.022526,0.022526,0.13117,0.13581,0.14504,0.14174,0.063025,0
25,0.10027,0.15615,0.088365,0.0090723,0.0090723,0.13658,0.14203,0.15287,0.14899,0.056604,0
26,0.10026,0.15356,0.088903,0.013275,0.013275,0.13489,0.14009,0.15042,0.14672,0.05861,0
27,0.10024,0.14984,0.089674,0.019298,0.019298,0.13246,0.1373,0.14692,0.14348,0.061484,0
28,0.10025,0.15243,0.089136,0.015095,0.015095,0.13415,0.13925,0.14936,0.14574,0.059479,0
29,0.10026,0.15436,0.088737,0.01198,0.01198,0.13541,0.14069,0.15118,0.14742,0.057992,0
30,0.10023,0.14768,0.090122,0.0228,0.0228,0.13106,0.13569,0.14488,0.14159,0.063156,0
31,0.10027,0.15736,0.088115,0.0071147,0.0071147,0.13737,0.14294,0.154,0.15004,0.05567,0
32,0.10025,0.15245,0.089133,0.015073,0.015073,0.13416,0.13926,0.14938,0.14576,0.059468,0
33,0.10023,0.14878,0.089894,0.021018,0.021018,0.13177,0.13651,0.14592,0.14255,0.062305,0
34,0.10024,0.14978,0.089686,0.019394,0.019394,0.13243,0.13726,0.14686,0.14343,0.06153,0
35,0.10027,0.15588,0.088421,0.0095112,0.0095112,0.1364,0.14183,0.15261,0.14875,0.056814,0
36,0.10027,0.15648,0.088299,0.0085519,0.0085519,0.13679,0.14227,0.15317,0.14927,0.056356,0
37,0.10025,0.15133,0.089364,0.016881,0.016881,0.13344,0.13842,0.14833,0.14478,0.060331,0
38,0.10025,0.15217,0.08919,0.01552,0.01552,0.13398,0.13905,0.14912,0.14551,0.059682,0
39,0.10027,0.15666,0.088261,0.0082578,0.0082578,0.13691,0.14241,0.15334,0.14943,0.056216,0
40,0.10027,0.15672,0.088249,0.0081606,0.0081606,0.13694,0.14245,0.1534,0.14948,0.056169,0
41,0.10024,0.14945,0.089755,0.019935,0.019935,0.13221,0.13701,0.14655,0.14314,0.061788,0
42,0.10024,0.14968,0.089707,0.019559,0.019559,0.13236,0.13718,0.14677,0.14334,0.061609,0
43,0.10024,0.14999,0.089642,0.019048,0.019048,0.13256,0.13742,0.14707,0.14361,0.061365,0
44,0.10025,0.15251,0.08912,0.014972,0.014972,0.1342,0.1393,0.14944,0.14581,0.05942,0
45,0.10023,0.14818,0.090017,0.021979,0.021979,0.13139,0.13606,0.14536,0.14203,0.062764,0
46,0.10025,0.1516,0.089308,0.016439,0.016439,0.13361,0.13863,0.14858,0.14502,0.06012,0
47,0.10025,0.15311,0.088997,0.014005,0.014005,0.13459,0.13975,0.15,0.14633,0.058959,0
48,0.10026,0.15348,0.08892,0.013407,0.013407,0.13483,0.14003,0.15035,0.14665,0.058673,0
49,0.10027,0.15719,0.088152,0.0074021,0.0074021,0.13725,0.1428,0.15384,0.14989,0.055807,0
50,0.10025,0.15234,0.089156,0.015255,0.015255,0.13409,0.13917,0.14927,0.14566,0.059555,0
51,0.10024,0.1495,0.089744,0.019849,0.019849,0.13224,0.13705,0.1466,0.14318,0.061748,0
52,0.10026,0.15475,0.088657,0.011354,0.011354,0.13566,0.14098,0.15154,0.14776,0.057693,0
53,0.10023,0.1488,0.089888,0.020974,0.020974,0.13179,0.13653,0.14595,0.14258,0.062284,0
54,0.10024,0.15087,0.089461,0.017635,0.017635,0.13313,0.13807,0.14789,0.14437,0.060691,0
55,0.10024,0.14957,0.089731,0.019741,0.019741,0.13229,0.1371,0.14666,0.14324,0.061696,0
56,0.10024,0.15027,0.089585,0.018601,0.018601,0.13274,0.13763,0.14733,0.14385,0.061152,0
57,0.10025,0.15196,0.089234,0.015862,0.015862,0.13385,0.13889,0.14892,0.14533,0.059845,0
58,0.10024,0.14952,0.089741,0.019821,0.019821,0.13225,0.13706,0.14662,0.1432,0.061734,0
59,0.10025,0.1523,0.089164,0.015313,0.015313,0.13407,0.13915,0.14924,0.14563,0.059583,0
60,0.10025,0.15209,0.089206,0.015646,0.015646,0.13393,0.13899,0.14904,0.14545,0.059741,0
61,0.10024,0.14944,0.089756,0.019944,0.019944,0.1322,0.13701,0.14655,0.14313,0.061793,0
62,0.10024,0.15095,0.089443,0.017497,0.017497,0.13319,0.13814,0.14797,0.14445,0.060625,0
63,0.10024,0.15064,0.089508,0.018004,0.018004,0.13298,0.1379,0.14767,0.14418,0.060867,0
64,0.10026,0.15337,0.088943,0.013589,0.013589,0.13476,0.13994,0.15024,0.14655,0.05876,0
65,0.10024,0.1504,0.089558,0.01839,0.01839,0.13283,0.13772,0.14745,0.14397,0.061051,0
66,0.10026,0.15534,0.088534,0.010388,0.010388,0.13605,0.14142,0.1521,0.14828,0.057232,0
67,0.10023,0.14794,0.090067,0.022368,0.022368,0.13123,0.13589,0.14514,0.14182,0.06295,0
68,0.10027,0.1559,0.088418,0.0094834,0.0094834,0.13641,0.14184,0.15263,0.14877,0.0568,0
69,0.10027,0.15713,0.088163,0.0074936,0.0074936,0.13721,0.14276,0.15378,0.14984,0.055851,0
70,0.10024,0.15123,0.089386,0.017048,0.017048,0.13337,0.13834,0.14823,0.14469,0.060411,0
71,0.10023,0.14823,0.090008,0.02191,0.02191,0.13141,0.1361,0.1454,0.14207,0.062731,0
72,0.10027,0.15671,0.088251,0.0081775,0.0081775,0.13694,0.14244,0.15339,0.14947,0.056177,0
73,0.10024,0.15063,0.089509,0.018011,0.018011,0.13298,0.1379,0.14767,0.14417,0.06087,0
74,0.10025,0.15234,0.089156,0.015251,0.015251,0.13409,0.13917,0.14927,0.14566,0.059553,0
75,0.10027,0.15685,0.088221,0.0079473,0.0079473,0.13703,0.14255,0.15352,0.14959,0.056067,0
76,0.10023,0.14806,0.090043,0.022184,0.022184,0.1313,0.13597,0.14524,0.14192,0.062862,0
77,0.10027,0.15628,0.08834,0.0088729,0.0088729,0.13666,0.14212,0.15298,0.1491,0.056509,0
78,0.10025,0.15216,0.089194,0.015547,0.015547,0.13397,0.13904,0.1491,0.1455,0.059695,0
79,0.10026,0.15362,0.088891,0.01318,0.01318,0.13493,0.14013,0.15048,0.14677,0.058565,0
80,0.10026,0.1541,0.08879,0.012392,0.012392,0.13524,0.1405,0.15094,0.1472,0.058189,0
81,0.10024,0.15007,0.089626,0.018928,0.018928,0.13261,0.13748,0.14714,0.14368,0.061308,0
82,0.10023,0.14886,0.089876,0.020878,0.020878,0.13183,0.13657,0.146,0.14263,0.062239,0
83,0.10023,0.1482,0.090014,0.021957,0.021957,0.13139,0.13608,0.14537,0.14205,0.062753,0
84,0.10025,0.15226,0.089172,0.015377,0.015377,0.13404,0.13912,0.1492,0.14559,0.059613,0
85,0.10026,0.15476,0.088655,0.011334,0.011334,0.13567,0.14099,0.15155,0.14777,0.057683,0
86,0.10023,0.14863,0.089924,0.021254,0.021254,0.13168,0.1364,0.14578,0.14242,0.062418,0
87,0.10026,0.15521,0.08856,0.010594,0.010594,0.13597,0.14133,0.15198,0.14817,0.057331,0
88,0.10025,0.15162,0.089304,0.016408,0.016408,0.13363,0.13864,0.1486,0.14504,0.060105,0
89,0.10024,0.15091,0.089451,0.017559,0.017559,0.13316,0.13811,0.14793,0.14442,0.060655,0
90,0.10025,0.15246,0.08913,0.015051,0.015051,0.13417,0.13927,0.14939,0.14577,0.059458,0
91,0.10025,0.15313,0.088993,0.013977,0.013977,0.1346,0.13976,0.15001,0.14635,0.058945,0
92,0.10026,0.15504,0.088597,0.010882,0.010882,0.13585,0.14119,0.15181,0.14801,0.057468,0
93,0.10025,0.15204,0.089217,0.015732,0.015732,0.1339,0.13895,0.14899,0.1454,0.059783,0
94,0.10026,0.15461,0.088685,0.011571,0.011571,0.13557,0.14088,0.15141,0.14764,0.057797,0
95,0.10026,0.15473,0.088661,0.011387,0.011387,0.13565,0.14096,0.15152,0.14774,0.057709,0
96,0.10024,0.15062,0.089511,0.018029,0.018029,0.13297,0.13789,0.14766,0.14416,0.060879,0
97,0.10027,0.1561,0.088376,0.0091528,0.0091528,0.13655,0.14199,0.15282,0.14894,0.056643,0
98,0.10024,0.14973,0.089697,0.019483,0.019483,0.13239,0.13722,0.14681,0.14338,0.061573,0
99,0.10026,0.15343,0.08893,0.013484,0.013484,0.1348,0.13999,0.1503,0.14661,0.05871,0
100,0.04476,0.18172,0.093915,0.11429,0.16923,0.10318,0.086298,0.054436,0.045797,0.10637,1
101,0.038633,0.19078,0.09324,0.11588,0.17691,0.10353,0.084779,0.049382,0.039785,0.10708,1
102,0.04131,0.18682,0.093535,0.11518,0.17355,0.10338,0.085443,0.05159,0.042412,0.10677,1
103,0.04457,0.182,0.093894,0.11434,0.16947,0.10319,0.086251,0.054279,0.045611,0.10639,1
104,0.039715,0.18918,0.093359,0.1156,0.17555,0.10347,0.085047,0.050275,0.040847,0.10695,1
105,0.040881,0.18746,0.093487,0.11529,0.17409,0.10341,0.085336,0.051236,0.041991,0.10682,1
106,0.038097,0.19158,0.093181,0.11601,0.17758,0.10357,0.084646,0.04894,0.039259,0.10714,1
107,0.046436,0.17924,0.094099,0.11386,0.16713,0.10309,0.086714,0.055818,0.047441,0.10618,1
108,0.043356,0.1838,0.09376,0.11465,0.17099,0.10326,0.08595,0.053278,0.044419,0.10653,1
109,0.050806,0.17278,0.094581,0.11273,0.16165,0.10283,0.087798,0.059423,0.05173,0.10567,1
110,0.048323,0.17645,0.094307,0.11337,0.16477,0.10298,0.087182,0.057375,0.049293,0.10596,1
111,0.044996,0.18137,0.093941,0.11423,0.16893,0.10317,0.086357,0.05463,0.046028,0.10634,1
112,0.048885,0.17562,0.094369,0.11322,0.16406,0.10294,0.087321,0.057838,0.049844,0.1059,1
113,0.0433,0.18388,0.093754,0.11467,0.17106,0.10327,0.085936,0.053232,0.044365,0.10654,1
114,0.042176,0.18554,0.09363,0.11496,0.17247,0.10333,0.085657,0.052304,0.043261,0.10667,1
115,0.04955,0.17463,0.094442,0.11305,0.16323,0.10291,0.087487,0.058387,0.050497,0.10582,1
116,0.049742,0.17435,0.094464,0.113,0.16299,0.10289,0.087534,0.058545,0.050685,0.1058,1
117,0.048168,0.17668,0.09429,0.11341,0.16496,0.10299,0.087144,0.057247,0.049141,0.10598,1
118,0.0496,0.17456,0.094448,0.11304,0.16317,0.1029,0.087499,0.058428,0.050546,0.10581,1
119,0.040472,0.18806,0.093442,0.1154,0.1746,0.10343,0.085235,0.050899,0.041589,0.10687,1
120,0.045498,0.18063,0.093996,0.1141,0.1683,0.10314,0.086481,0.055045,0.046521,0.10629,1
121,0.038006,0.19171,0.093171,0.11604,0.1777,0.10357,0.084623,0.048865,0.039169,0.10715,1
122,0.040798,0.18758,0.093478,0.11531,0.1742,0.10341,0.085316,0.051168,0.041909,0.10683,1
123,0.049492,0.17472,0.094436,0.11307,0.1633,0.10291,0.087472,0.058339,0.05044,0.10583,1
124,0.041314,0.18682,0.093535,0.11518,0.17355,0.10338,0.085444,0.051593,0.042416,0.10677,1
125,0.042801,0.18462,0.093699,0.1148,0.17169,0.10329,0.085812,0.05282,0.043875,0.1066,1
126,0.047051,0.17833,0.094167,0.1137,0.16636,0.10305,0.086867,0.056326,0.048045,0.10611,1
127,0.047144,0.17819,0.094177,0.11367,0.16624,0.10304,0.08689,0.056402,0.048136,0.1061,1
128,0.042681,0.1848,0.093686,0.11483,0.17184,0.1033,0.085783,0.052721,0.043757,0.10661,1
129,0.046482,0.17917,0.094104,0.11384,0.16707,0.10308,0.086725,0.055856,0.047487,0.10617,1
130,0.049602,0.17456,0.094448,0.11304,0.16316,0.1029,0.087499,0.05843,0.050548,0.10581,1
131,0.049458,0.17477,0.094432,0.11307,0.16334,0.10291,0.087464,0.058311,0.050407,0.10583,1
132,0.051031,0.17244,0.094606,0.11267,0.16137,0.10282,0.087854,0.059609,0.051951,0.10565,1
133,0.045323,0.18089,0.093977,0.11414,0.16852,0.10315,0.086438,0.0549,0.04635,0.10631,1
134,0.048141,0.17672,0.094287,0.11342,0.16499,0.10299,0.087137,0.057225,0.049115,0.10598,1
135,0.042102,0.18565,0.093622,0.11498,0.17256,0.10333,0.085639,0.052243,0.043189,0.10668,1
136,0.046743,0.17879,0.094133,0.11378,0.16675,0.10307,0.08679,0.056071,0.047742,0.10614,1
137,0.043344,0.18382,0.093759,0.11466,0.17101,0.10326,0.085947,0.053267,0.044407,0.10654,1
138,0.046842,0.17864,0.094144,0.11375,0.16662,0.10306,0.086815,0.056153,0.047839,0.10613,1
139,0.046915,0.17853,0.094152,0.11373,0.16653,0.10306,0.086833,0.056213,0.047911,0.10612,1
140,0.045642,0.18042,0.094012,0.11406,0.16813,0.10313,0.086517,0.055163,0.046662,0.10627,1
141,0.043535,0.18353,0.09378,0.11461,0.17077,0.10325,0.085994,0.053425,0.044595,0.10651,1
142,0.040205,0.18846,0.093413,0.11547,0.17494,0.10344,0.085168,0.050678,0.041327,0.1069,1
143,0.0509,0.17264,0.094591,0.1127,0.16154,0.10283,0.087821,0.0595,0.051821,0.10566,1
144,0.050525,0.17319,0.09455,0.1128,0.162,0.10285,0.087728,0.059191,0.051454,0.10571,1
145,0.046811,0.17869,0.094141,0.11376,0.16666,0.10306,0.086807,0.056128,0.047809,0.10614,1
146,0.048653,0.17596,0.094344,0.11328,0.16435,0.10296,0.087264,0.057647,0.049616,0.10592,1
147,0.046611,0.17898,0.094119,0.11381,0.16691,0.10307,0.086757,0.055963,0.047613,0.10616,1
148,0.048515,0.17617,0.094328,0.11332,0.16452,0.10297,0.08723,0.057533,0.049481,0.10594,1
149,0.050869,0.17268,0.094588,0.11271,0.16157,0.10283,0.087814,0.059475,0.051792,0.10567,1
150,0.038977,0.19028,0.093278,0.11579,0.17648,0.10351,0.084864,0.049666,0.040122,0.10704,1
151,0.046721,0.17882,0.094131,0.11378,0.16677,0.10307,0.086785,0.056053,0.047721,0.10615,1
152,0.038367,0.19118,0.09321,0.11594,0.17724,0.10355,0.084713,0.049163,0.039524,0.10711,1
153,0.050755,0.17285,0.094575,0.11274,0.16172,0.10284,0.087785,0.059381,0.051679,0.10568,1
154,0.041708,0.18624,0.093578,0.11508,0.17306,0.10336,0.085541,0.051918,0.042802,0.10672,1
155,0.0494,0.17486,0.094426,0.11309,0.16342,0.10291,0.087449,0.058263,0.05035,0.10584,1
156,0.047789,0.17724,0.094248,0.11351,0.16543,0.10301,0.08705,0.056935,0.048769,0.10602,1
157,0.039494,0.18951,0.093335,0.11565,0.17583,0.10348,0.084992,0.050092,0.04063,0.10698,1
158,0.050167,0.17372,0.09451,0.11289,0.16245,0.10287,0.08764,0.058896,0.051103,0.10575,1
159,0.048596,0.17605,0.094337,0.1133,0.16442,0.10296,0.08725,0.0576,0.049561,0.10593,1
160,0.045744,0.18026,0.094023,0.11404,0.168,0.10312,0.086542,0.055247,0.046762,0.10626,1
161,0.043597,0.18344,0.093787,0.11459,0.17069,0.10325,0.08601,0.053477,0.044656,0.10651,1
162,0.048994,0.17546,0.094381,0.11319,0.16392,0.10294,0.087349,0.057928,0.049951,0.10588,1
163,0.047746,0.1773,0.094244,0.11352,0.16549,0.10301,0.087039,0.056898,0.048726,0.10603,1
164,0.042586,0.18494,0.093675,0.11485,0.17195,0.10331,0.085759,0.052643,0.043664,0.10662,1
165,0.038345,0.19121,0.093208,0.11595,0.17727,0.10355,0.084707,0.049144,0.039502,0.10711,1
166,0.047189,0.17813,0.094182,0.11366,0.16619,0.10304,0.086901,0.05644,0.048181,0.10609,1
167,0.047927,0.17704,0.094264,0.11347,0.16526,0.103,0.087084,0.057048,0.048904,0.10601,1
168,0.048924,0.17556,0.094373,0.11321,0.16401,0.10294,0.087331,0.05787,0.049882,0.10589,1
169,0.04665,0.17892,0.094123,0.1138,0.16686,0.10307,0.086767,0.055995,0.047651,0.10615,1
170,0.039815,0.18904,0.09337,0.11557,0.17543,0.10347,0.085072,0.050357,0.040944,0.10694,1
171,0.04528,0.18095,0.093972,0.11416,0.16858,0.10315,0.086427,0.054865,0.046307,0.10631,1
172,0.045403,0.18077,0.093986,0.11412,0.16842,0.10314,0.086458,0.054966,0.046428,0.1063,1
173,0.042507,0.18505,0.093667,0.11487,0.17205,0.10331,0.085739,0.052577,0.043586,0.10663,1
174,0.043807,0.18313,0.09381,0.11454,0.17042,0.10324,0.086062,0.05365,0.044862,0.10648,1
175,0.04901,0.17543,0.094383,0.11319,0.1639,0.10294,0.087353,0.057942,0.049968,0.10588,1
176,0.041434,0.18664,0.093548,0.11515,0.1734,0.10337,0.085473,0.051693,0.042534,0.10676,1
177,0.045275,0.18096,0.093971,0.11416,0.16859,0.10315,0.086426,0.05486,0.046302,0.10631,1
178,0.044831,0.18161,0.093923,0.11427,0.16914,0.10318,0.086316,0.054495,0.045867,0.10636,1
179,0.046892,0.17857,0.09415,0.11374,0.16656,0.10306,0.086827,0.056195,0.047889,0.10613,1
180,0.049007,0.17544,0.094383,0.11319,0.16391,0.10294,0.087352,0.057939,0.049964,0.10588,1
181,0.038032,0.19167,0.093173,0.11603,0.17766,0.10357,0.084629,0.048886,0.039195,0.10715,1
182,0.046229,0.17955,0.094077,0.11391,0.16739,0.1031,0.086663,0.055648,0.047239,0.1062,1
183,0.045337,0.18087,0.093978,0.11414,0.16851,0.10315,0.086441,0.054911,0.046363,0.10631,1
184,0.050484,0.17325,0.094545,0.11281,0.16206,0.10285,0.087718,0.059157,0.051414,0.10571,1
185,0.0383,0.19128,0.093203,0.11596,0.17733,0.10355,0.084696,0.049107,0.039458,0.10712,1
186,0.044228,0.18251,0.093856,0.11443,0.1699,0.10321,0.086166,0.053997,0.045275,0.10643,1
187,0.044361,0.18231,0.093871,0.11439,0.16973,0.1032,0.086199,0.054107,0.045405,0.10642,1
188,0.04117,0.18703,0.093519,0.11522,0.17373,0.10339,0.085408,0.051475,0.042274,0.10679,1
189,0.047907,0.17706,0.094261,0.11348,0.16529,0.103,0.087079,0.057031,0.048885,0.10601,1
190,0.047219,0.17808,0.094186,0.11365,0.16615,0.10304,0.086908,0.056464,0.04821,0.10609,1
191,0.047409,0.1778,0.094207,0.1136,0.16591,0.10303,0.086955,0.056621,0.048396,0.10607,1
192,0.041753,0.18617,0.093583,0.11507,0.173,0.10335,0.085553,0.051956,0.042847,0.10672,1
193,0.046176,0.17963,0.094071,0.11392,0.16746,0.1031,0.086649,0.055604,0.047186,0.10621,1
194,0.049143,0.17524,0.094398,0.11316,0.16374,0.10293,0.087386,0.058051,0.050098,0.10587,1
195,0.050247,0.1736,0.094519,0.11287,0.16235,0.10287,0.087659,0.058962,0.051181,0.10574,1
196,0.04072,0.1877,0.09347,0.11534,0.17429,0.10341,0.085296,0.051103,0.041832,0.10684,1
197,0.041838,0.18604,0.093593,0.11505,0.17289,0.10335,0.085574,0.052026,0.04293,0.10671,1
198,0.041432,0.18664,0.093548,0.11515,0.1734,0.10337,0.085473,0.05169,0.042531,0.10676,1
199,0.043229,0.18399,0.093746,0.11469,0.17115,0.10327,0.085919,0.053173,0.044295,0.10655,1
200,0.099887,0.087709,0.097181,0.084774,0.050927,0.070837,0.11841,0.14312,0.18255,0.064602,2
201,0.099905,0.089599,0.097614,0.087116,0.058474,0.075322,0.11558,0.13649,0.16985,0.070046,2
202,0.099901,0.089196,0.097522,0.086616,0.056863,0.074365,0.11619,0.1379,0.17256,0.068884,2
203,0.099907,0.08982,0.097665,0.087389,0.059355,0.075845,0.11525,0.13571,0.16837,0.070682,2
204,0.099899,0.088936,0.097462,0.086294,0.055824,0.073747,0.11658,0.13882,0.17431,0.068135,2
205,0.099894,0.088415,0.097343,0.085649,0.053747,0.072513,0.11736,0.14064,0.17781,0.066636,2
206,0.0999,0.089028,0.097483,0.086408,0.056194,0.073967,0.11644,0.13849,0.17369,0.068402,2
207,0.09989,0.087937,0.097233,0.085057,0.051838,0.071378,0.11807,0.14232,0.18102,0.065259,2
208,0.099895,0.088554,0.097374,0.08582,0.054299,0.07284,0.11715,0.14016,0.17688,0.067034,2
209,0.099903,0.089363,0.09756,0.086823,0.05753,0.074761,0.11594,0.13732,0.17144,0.069365,2
210,0.099887,0.087637,0.097164,0.084685,0.050639,0.070665,0.11852,0.14337,0.18304,0.064394,2
211,0.099899,0.08895,0.097465,0.086311,0.05588,0.07378,0.11656,0.13877,0.17422,0.068175,2
212,0.099889,0.087828,0.097208,0.084921,0.0514,0.071118,0.11824,0.1427,0.18175,0.064943,2
213,0.099908,0.089918,0.097687,0.087511,0.059748,0.076079,0.1151,0.13537,0.16771,0.070965,2
214,0.099887,0.08768,0.097174,0.084738,0.05081,0.070767,0.11846,0.14322,0.18275,0.064518,2
215,0.099884,0.087358,0.0971,0.084339,0.049524,0.070003,0.11894,0.14435,0.18491,0.06359,2
216,0.099908,0.089932,0.097691,0.087528,0.059802,0.076111,0.11508,0.13532,0.16762,0.071004,2
217,0.099899,0.089,0.097477,0.086373,0.05608,0.073899,0.11648,0.13859,0.17388,0.068319,2
218,0.099891,0.088127,0.097277,0.085292,0.052596,0.071828,0.11779,0.14165,0.17974,0.065806,2
219,0.099902,0.089246,0.097533,0.086678,0.057062,0.074483,0.11611,0.13773,0.17223,0.069028,2
220,0.099888,0.087738,0.097187,0.08481,0.051041,0.070905,0.11837,0.14302,0.18236,0.064685,2
221,0.099908,0.089914,0.097686,0.087505,0.05973,0.076068,0.11511,0.13538,0.16774,0.070952,2
222,0.099888,0.087814,0.097205,0.084904,0.051346,0.071086,0.11826,0.14275,0.18184,0.064905,2
223,0.099903,0.089456,0.097581,0.086938,0.057901,0.074981,0.1158,0.13699,0.17082,0.069633,2
224,0.099887,0.087695,0.097178,0.084757,0.050872,0.070804,0.11843,0.14317,0.18264,0.064563,2
225,0.099907,0.089838,0.097669,0.087411,0.059425,0.075887,0.11523,0.13565,0.16825,0.070732,2
226,0.099897,0.088786,0.097428,0.086109,0.055228,0.073393,0.1168,0.13934,0.17531,0.067705,2
227,0.099898,0.088876,0.097448,0.086219,0.055585,0.073605,0.11667,0.13903,0.17471,0.067962,2
228,0.099906,0.089692,0.097635,0.08723,0.058842,0.075541,0.11544,0.13616,0.16924,0.070312,2
229,0.099901,0.089193,0.097521,0.086612,0.05685,0.074356,0.11619,0.13791,0.17259,0.068874,2
230,0.099887,0.087676,0.097173,0.084733,0.050793,0.070757,0.11846,0.14324,0.18278,0.064506,2
231,0.099886,0.087563,0.097147,0.084593,0.050345,0.070491,0.11863,0.14363,0.18353,0.064182,2
232,0.099901,0.089161,0.097514,0.086573,0.056726,0.074283,0.11624,0.13802,0.1728,0.068785,2
233,0.099908,0.090001,0.097707,0.087614,0.060079,0.076276,0.11498,0.13508,0.16715,0.071204,2
234,0.099892,0.088164,0.097285,0.085337,0.052742,0.071915,0.11773,0.14152,0.1795,0.065911,2
235,0.099891,0.088118,0.097275,0.085281,0.052561,0.071808,0.1178,0.14168,0.1798,0.065781,2
236,0.099908,0.089972,0.0977,0.087577,0.05996,0.076205,0.11502,0.13518,0.16735,0.071118,2
237,0.099901,0.089177,0.097517,0.086593,0.056788,0.07432,0.11621,0.13797,0.17269,0.06883,2
238,0.099889,0.087893,0.097223,0.085001,0.05166,0.071272,0.11814,0.14247,0.18132,0.065131,2
239,0.099901,0.089153,0.097512,0.086563,0.056693,0.074263,0.11625,0.13805,0.17285,0.068762,2
240,0.099908,0.08991,0.097686,0.0875,0.059714,0.076059,0.11512,0.1354,0.16777,0.07094,2
241,0.099907,0.089837,0.097669,0.087411,0.059425,0.075887,0.11523,0.13565,0.16826,0.070732,2
242,0.09989,0.088034,0.097255,0.085176,0.052223,0.071607,0.11793,0.14198,0.18037,0.065537,2
243,0.099886,0.08757,0.097149,0.084602,0.050372,0.070507,0.11862,0.14361,0.18348,0.064202,2
244,0.099902,0.089282,0.097542,0.086723,0.057209,0.07457,0.11606,0.1376,0.17198,0.069133,2
245,0.099905,0.089587,0.097611,0.0871,0.058424,0.075292,0.1156,0.13653,0.16994,0.07001,2
246,0.099905,0.089655,0.097627,0.087185,0.058696,0.075454,0.1155,0.13629,0.16948,0.070206,2
247,0.099901,0.089151,0.097512,0.086561,0.056686,0.074259,0.11625,0.13806,0.17286,0.068756,2
248,0.099885,0.087485,0.097129,0.084496,0.050032,0.070305,0.11875,0.1439,0.18406,0.063957,2
249,0.099888,0.087723,0.097184,0.084791,0.050982,0.070869,0.11839,0.14307,0.18246,0.064642,2
250,0.099895,0.088512,0.097365,0.085769,0.054132,0.072741,0.11721,0.1403,0.17716,0.066914,2
251,0.099903,0.089422,0.097574,0.086896,0.057767,0.074902,0.11585,0.13711,0.17104,0.069536,2
252,0.099897,0.088728,0.097414,0.086036,0.054994,0.073253,0.11689,0.13955,0.17571,0.067536,2
253,0.099896,0.08868,0.097403,0.085977,0.054803,0.07314,0.11696,0.13971,0.17603,0.067398,2
254,0.099905,0.089669,0.09763,0.087202,0.058753,0.075488,0.11548,0.13624,0.16938,0.070248,2
255,0.099905,0.089638,0.097623,0.087164,0.05863,0.075415,0.11552,0.13635,0.16959,0.070159,2
256,0.099903,0.089386,0.097565,0.086851,0.057622,0.074815,0.1159,0.13724,0.17129,0.069431,2
257,0.099909,0.090046,0.097717,0.087669,0.060256,0.076381,0.11491,0.13492,0.16686,0.071331,2
258,0.099898,0.088873,0.097448,0.086216,0.055576,0.073599,0.11667,0.13903,0.17473,0.067956,2
259,0.099897,0.088723,0.097413,0.08603,0.054974,0.073242,0.1169,0.13956,0.17574,0.067521,2
260,0.099896,0.0886,0.097385,0.085878,0.054484,0.07295,0.11708,0.13999,0.17657,0.067168,2
261,0.099901,0.08915,0.097511,0.086559,0.056681,0.074256,0.11626,0.13806,0.17287,0.068753,2
262,0.099892,0.088191,0.097291,0.085371,0.052852,0.071981,0.11769,0.14143,0.17931,0.065991,2
263,0.099908,0.090001,0.097706,0.087613,0.060078,0.076275,0.11498,0.13508,0.16716,0.071203,2
264,0.099893,0.088264,0.097308,0.085461,0.053142,0.072153,0.11758,0.14117,0.17882,0.0662,2
265,0.099885,0.087473,0.097126,0.084481,0.049983,0.070275,0.11877,0.14395,0.18414,0.063921,2
266,0.099902,0.089301,0.097546,0.086746,0.057282,0.074613,0.11603,0.13753,0.17186,0.069186,2
267,0.099901,0.089183,0.097519,0.0866,0.056812,0.074334,0.11621,0.13795,0.17265,0.068847,2
268,0.099897,0.08878,0.097426,0.0861,0.055201,0.073377,0.11681,0.13936,0.17536,0.067685,2
269,0.099905,0.089668,0.09763,0.087201,0.05875,0.075486,0.11548,0.13624,0.16939,0.070245,2
270,0.099888,0.087723,0.097184,0.084791,0.050982,0.070869,0.11839,0.14307,0.18246,0.064642,2
271,0.099885,0.087447,0.097121,0.08445,0.049881,0.070215,0.11881,0.14404,0.18431,0.063848,2
272,0.099904,0.089486,0.097588,0.086975,0.05802,0.075052,0.11575,0.13689,0.17062,0.069718,2
273,0.099888,0.087801,0.097202,0.084888,0.051296,0.071056,0.11828,0.14279,0.18193,0.064868,2
274,0.099897,0.088708,0.09741,0.086012,0.054916,0.073207,0.11692,0.13961,0.17584,0.06748,2
275,0.099892,0.088236,0.097302,0.085427,0.053032,0.072088,0.11762,0.14127,0.17901,0.066121,2
276,0.099887,0.087638,0.097164,0.084686,0.050644,0.070668,0.11852,0.14337,0.18303,0.064398,2
277,0.099906,0.089733,0.097645,0.087281,0.059007,0.075638,0.11538,0.13602,0.16896,0.07043,2
278,0.0999,0.08911,0.097502,0.08651,0.056521,0.074161,0.11632,0.1382,0.17314,0.068637,2
279,0.0999,0.089082,0.097496,0.086475,0.056409,0.074094,0.11636,0.1383,0.17333,0.068556,2
280,0.099909,0.09008,0.097725,0.087711,0.060393,0.076462,0.11486,0.1348,0.16663,0.07143,2
281,0.099894,0.088425,0.097345,0.085661,0.053787,0.072536,0.11734,0.14061,0.17774,0.066665,2
282,0.099889,0.087904,0.097225,0.085015,0.051704,0.071298,0.11812,0.14244,0.18124,0.065162,2
283,0.099902,0.089244,0.097533,0.086676,0.057057,0.07448,0.11611,0.13773,0.17224,0.069024,2
284,0.099902,0.089291,0.097544,0.086734,0.057245,0.074591,0.11604,0.13757,0.17192,0.069159,2
285,0.099887,0.087663,0.09717,0.084717,0.050743,0.070727,0.11848,0.14328,0.18286,0.064469,2
286,0.099897,0.088743,0.097418,0.086054,0.055053,0.073289,0.11687,0.13949,0.17561,0.067579,2
287,0.099898,0.088907,0.097456,0.086258,0.05571,0.073679,0.11662,0.13892,0.1745,0.068052,2
288,0.099903,0.089453,0.097581,0.086935,0.057892,0.074976,0.1158,0.137,0.17083,0.069626,2
289,0.099908,0.089911,0.097686,0.087502,0.05972,0.076062,0.11511,0.13539,0.16776,0.070945,2
290,0.099905,0.089613,0.097617,0.087133,0.058529,0.075354,0.11556,0.13644,0.16976,0.070085,2
291,0.099902,0.0893,0.097546,0.086745,0.05728,0.074612,0.11603,0.13754,0.17186,0.069185,2
292,0.099894,0.088384,0.097335,0.08561,0.05362,0.072437,0.1174,0.14075,0.17802,0.066545,2
293,0.099897,0.08874,0.097417,0.086052,0.055045,0.073284,0.11687,0.1395,0.17562,0.067572,2
294,0.099897,0.088707,0.09741,0.086011,0.054913,0.073206,0.11692,0.13962,0.17584,0.067477,2
295,0.099898,0.088882,0.09745,0.086227,0.055609,0.073619,0.11666,0.139,0.17467,0.06798,2
296,0.099894,0.088468,0.097355,0.085714,0.053957,0.072637,0.11728,0.14046,0.17745,0.066788,2
297,0.099897,0.0888,0.097431,0.086126,0.055284,0.073426,0.11678,0.13929,0.17522,0.067745,2
298,0.099891,0.088144,0.09728,0.085312,0.052662,0.071868,0.11776,0.14159,0.17963,0.065854,2
299,0.099889,0.087867,0.097217,0.084969,0.051556,0.07121,0.11818,0.14257,0.18149,0.065056,2
300,0.026415,0.16047,0.1618,0.12636,0.071144,0.14842,0.12326,0.021818,0.13959,0.020724,3
301,0.034824,0.15356,0.15474,0.12334,0.074442,0.14289,0.1206,0.030753,0.13507,0.029783,3
302,0.035938,0.15264,0.15381,0.12294,0.074879,0.14215,0.12025,0.031936,0.13447,0.030983,3
303,0.026665,0.16026,0.16159,0.12627,0.071242,0.14826,0.12318,0.022084,0.13946,0.020993,3
304,0.026045,0.16077,0.16211,0.12649,0.070999,0.14866,0.12338,0.021426,0.13979,0.020325,3
305,0.025281,0.1614,0.16276,0.12676,0.0707,0.14917,0.12362,0.020614,0.1402,0.019502,3
306,0.035299,0.15317,0.15434,0.12317,0.074628,0.14257,0.12045,0.031258,0.13481,0.030295,3
307,0.035848,0.15272,0.15388,0.12298,0.074843,0.14221,0.12028,0.031841,0.13451,0.030886,3
308,0.034011,0.15423,0.15542,0.12363,0.074123,0.14342,0.12086,0.029889,0.1355,0.028908,3
309,0.033699,0.15448,0.15569,0.12375,0.074001,0.14363,0.12096,0.029557,0.13567,0.028571,3
310,0.028263,0.15895,0.16025,0.12569,0.071869,0.1472,0.12268,0.023783,0.1386,0.022715,3
311,0.037209,0.1516,0.15274,0.12249,0.075377,0.14132,0.11985,0.033287,0.13378,0.032353,3
312,0.025356,0.16134,0.16269,0.12673,0.070729,0.14912,0.1236,0.020694,0.14016,0.019583,3
313,0.031585,0.15622,0.15746,0.1245,0.073172,0.14502,0.12163,0.027312,0.13681,0.026294,3
314,0.035252,0.15321,0.15438,0.12319,0.07461,0.14261,0.12047,0.031207,0.13484,0.030244,3
315,0.02556,0.16117,0.16252,0.12666,0.070809,0.14898,0.12353,0.02091,0.14005,0.019802,3
316,0.034362,0.15394,0.15513,0.12351,0.074261,0.14319,0.12075,0.030262,0.13531,0.029285,3
317,0.035734,0.15281,0.15398,0.12302,0.074799,0.14229,0.12031,0.031719,0.13458,0.030763,3
318,0.024766,0.16182,0.16319,0.12695,0.070498,0.1495,0.12378,0.020067,0.14048,0.018947,3
319,0.023827,0.1626,0.16398,0.12728,0.07013,0.15012,0.12408,0.019069,0.14098,0.017936,3
320,0.028631,0.15865,0.15994,0.12556,0.072013,0.14696,0.12256,0.024173,0.1384,0.023112,3
321,0.030429,0.15717,0.15843,0.12492,0.072718,0.14578,0.12199,0.026083,0.13743,0.025048,3
322,0.035909,0.15267,0.15383,0.12295,0.074867,0.14217,0.12026,0.031906,0.13448,0.030953,3
323,0.025989,0.16082,0.16216,0.12651,0.070977,0.1487,0.1234,0.021366,0.13982,0.020264,3
324,0.036764,0.15197,0.15311,0.12265,0.075203,0.14161,0.11999,0.032814,0.13402,0.031873,3
325,0.027329,0.15972,0.16104,0.12603,0.071503,0.14782,0.12297,0.02279,0.1391,0.021709,3
326,0.035599,0.15292,0.15409,0.12307,0.074746,0.14238,0.12036,0.031577,0.13465,0.030618,3
327,0.033918,0.1543,0.1555,0.12367,0.074087,0.14348,0.12089,0.029791,0.13555,0.028808,3
328,0.031841,0.15601,0.15725,0.12441,0.073272,0.14485,0.12155,0.027583,0.13667,0.026569,3
329,0.031875,0.15598,0.15722,0.1244,0.073286,0.14483,0.12153,0.02762,0.13665,0.026607,3
330,0.036464,0.15221,0.15336,0.12276,0.075085,0.14181,0.12008,0.032496,0.13418,0.03155,3
331,0.033801,0.1544,0.1556,0.12371,0.074041,0.14356,0.12093,0.029666,0.13562,0.028682,3
332,0.026315,0.16055,0.16189,0.12639,0.071105,0.14849,0.12329,0.021712,0.13964,0.020616,3
333,0.030173,0.15738,0.15865,0.12501,0.072618,0.14595,0.12207,0.025811,0.13757,0.024772,3
334,0.029145,0.15823,0.15951,0.12538,0.072215,0.14662,0.1224,0.024719,0.13812,0.023665,3
335,0.032549,0.15543,0.15665,0.12416,0.07355,0.14438,0.12132,0.028335,0.13629,0.027332,3
336,0.030462,0.15714,0.1584,0.12491,0.072731,0.14576,0.12198,0.026118,0.13741,0.025083,3
337,0.024421,0.16211,0.16348,0.12707,0.070362,0.14973,0.12389,0.0197,0.14066,0.018576,3
338,0.024958,0.16167,0.16303,0.12688,0.070573,0.14938,0.12372,0.020271,0.14037,0.019154,3
339,0.02932,0.15808,0.15936,0.12531,0.072283,0.14651,0.12234,0.024905,0.13803,0.023853,3
340,0.028799,0.15851,0.1598,0.1255,0.072079,0.14685,0.12251,0.024352,0.13831,0.023292,3
341,0.026526,0.16038,0.16171,0.12632,0.071188,0.14835,0.12323,0.021937,0.13953,0.020843,3
342,0.034803,0.15358,0.15476,0.12335,0.074434,0.1429,0.12061,0.030731,0.13508,0.029761,3
343,0.033126,0.15495,0.15617,0.12395,0.073776,0.144,0.12114,0.028948,0.13598,0.027953,3
344,0.029085,0.15828,0.15956,0.1254,0.072191,0.14666,0.12242,0.024655,0.13815,0.0236,3
345,0.028818,0.15849,0.15978,0.12549,0.072087,0.14684,0.1225,0.024372,0.1383,0.023313,3
346,0.028968,0.15837,0.15966,0.12544,0.072145,0.14674,0.12245,0.024531,0.13822,0.023474,3
347,0.031439,0.15634,0.15758,0.12456,0.073114,0.14511,0.12167,0.027156,0.13689,0.026136,3
348,0.037294,0.15153,0.15267,0.12246,0.075411,0.14126,0.11982,0.033378,0.13374,0.032445,3
349,0.037048,0.15173,0.15287,0.12255,0.075314,0.14142,0.1199,0.033116,0.13387,0.032179,3
350,0.036037,0.15256,0.15372,0.12291,0.074917,0.14209,0.12022,0.032041,0.13441,0.03109,3
351,0.033097,0.15498,0.15619,0.12396,0.073765,0.14402,0.12115,0.028918,0.13599,0.027923,3
352,0.035556,0.15296,0.15413,0.12308,0.074729,0.14241,0.12037,0.03153,0.13467,0.030571,3
353,0.028891,0.15843,0.15972,0.12547,0.072115,0.14679,0.12248,0.024449,0.13826,0.023391,3
354,0.032124,0.15578,0.15701,0.12431,0.073383,0.14466,0.12146,0.027884,0.13652,0.026874,3
355,0.036256,0.15238,0.15354,0.12283,0.075003,0.14194,0.12015,0.032274,0.1343,0.031326,3
356,0.035165,0.15328,0.15445,0.12322,0.074575,0.14266,0.12049,0.031115,0.13488,0.03015,3
357,0.032728,0.15528,0.1565,0.12409,0.07362,0.14427,0.12126,0.028526,0.13619,0.027525,3
358,0.02519,0.16148,0.16283,0.12679,0.070664,0.14923,0.12365,0.020517,0.14025,0.019404,3
359,0.025196,0.16147,0.16283,0.12679,0.070667,0.14922,0.12365,0.020524,0.14025,0.019411,3
360,0.028574,0.1587,0.15999,0.12558,0.071991,0.147,0.12258,0.024113,0.13843,0.02305,3
361,0.030295,0.15728,0.15855,0.12497,0.072666,0.14587,0.12203,0.025941,0.1375,0.024904,3
362,0.025649,0.1611,0.16245,0.12663,0.070844,0.14892,0.1235,0.021005,0.14,0.019899,3
363,0.028801,0.15851,0.1598,0.1255,0.07208,0.14685,0.12251,0.024354,0.13831,0.023295,3
364,0.033874,0.15434,0.15554,0.12368,0.074069,0.14351,0.1209,0.029743,0.13558,0.02876,3
365,0.031366,0.1564,0.15765,0.12458,0.073086,0.14516,0.1217,0.027079,0.13693,0.026058,3
366,0.035973,0.15262,0.15378,0.12293,0.074892,0.14213,0.12024,0.031973,0.13445,0.031021,3
367,0.028805,0.15851,0.1598,0.1255,0.072082,0.14685,0.1225,0.024358,0.1383,0.023299,3
368,0.035238,0.15322,0.15439,0.1232,0.074604,0.14261,0.12047,0.031193,0.13484,0.030229,3
369,0.025114,0.16154,0.1629,0.12682,0.070634,0.14928,0.12367,0.020437,0.14029,0.019323,3
370,0.030077,0.15746,0.15873,0.12504,0.07258,0.14601,0.1221,0.025709,0.13762,0.024669,3
371,0.027853,0.15929,0.1606,0.12584,0.071708,0.14747,0.12281,0.023346,0.13882,0.022273,3
372,0.028692,0.1586,0.15989,0.12554,0.072037,0.14692,0.12254,0.024238,0.13836,0.023177,3
373,0.028304,0.15892,0.16022,0.12568,0.071885,0.14718,0.12266,0.023826,0.13857,0.022759,3
374,0.028304,0.15892,0.16022,0.12568,0.071885,0.14718,0.12266,0.023826,0.13857,0.022759,3
375,0.032193,0.15572,0.15695,0.12429,0.07341,0.14462,0.12143,0.027958,0.13648,0.026949,3
376,0.036278,0.15236,0.15352,0.12282,0.075012,0.14193,0.12014,0.032298,0.13428,0.03135,3
377,0.024596,0.16196,0.16333,0.12701,0.070431,0.14962,0.12384,0.019887,0.14057,0.018765,3
378,0.032548,0.15543,0.15665,0.12416,0.073549,0.14438,0.12132,0.028335,0.13629,0.027331,3
379,0.036432,0.15224,0.15339,0.12277,0.075072,0.14183,0.12009,0.032461,0.1342,0.031516,3
380,0.026572,0.16034,0.16167,0.1263,0.071206,0.14832,0.12321,0.021986,0.1395,0.020894,3
381,0.026413,0.16047,0.16181,0.12636,0.071144,0.14842,0.12326,0.021817,0.13959,0.020722,3
382,0.024945,0.16168,0.16304,0.12688,0.070568,0.14939,0.12372,0.020257,0.14038,0.019141,3
383,0.036518,0.15217,0.15332,0.12274,0.075106,0.14177,0.12007,0.032553,0.13415,0.031608,3
384,0.032406,0.15555,0.15677,0.12421,0.073494,0.14448,0.12137,0.028184,0.13637,0.027178,3
385,0.025558,0.16117,0.16252,0.12666,0.070808,0.14898,0.12353,0.020908,0.14005,0.019801,3
386,0.023848,0.16258,0.16396,0.12727,0.070138,0.15011,0.12407,0.019092,0.14097,0.017959,3
387,0.027319,0.15973,0.16104,0.12603,0.071499,0.14782,0.12297,0.022779,0.1391,0.021698,3
388,0.025337,0.16136,0.16271,0.12674,0.070722,0.14913,0.1236,0.020673,0.14017,0.019562,3
389,0.033256,0.15485,0.15606,0.12391,0.073827,0.14392,0.1211,0.029087,0.13591,0.028094,3
390,0.028515,0.15874,0.16004,0.1256,0.071968,0.14704,0.1226,0.02405,0.13846,0.022986,3
391,0.026358,0.16052,0.16185,0.12638,0.071122,0.14846,0.12328,0.021758,0.13962,0.020662,3
392,0.037321,0.15151,0.15264,0.12245,0.075421,0.14124,0.11981,0.033406,0.13372,0.032474,3
393,0.027271,0.15977,0.16108,0.12605,0.07148,0.14786,0.12299,0.022729,0.13913,0.021646,3
394,0.02812,0.15907,0.16037,0.12574,0.071813,0.1473,0.12272,0.02363,0.13867,0.02256,3
395,0.032648,0.15535,0.15657,0.12412,0.073589,0.14432,0.12129,0.028441,0.13624,0.027439,3
396,0.027332,0.15972,0.16103,0.12603,0.071504,0.14782,0.12297,0.022793,0.1391,0.021712,3
397,0.030493,0.15712,0.15838,0.12489,0.072744,0.14574,0.12197,0.026152,0.1374,0.025118,3
398,0.035617,0.15291,0.15408,0.12306,0.074753,0.14237,0.12035,0.031595,0.13464,0.030637,3
399,0.028862,0.15846,0.15975,0.12548,0.072104,0.14681,0.12249,0.024418,0.13827,0.02336,3
400,0.046168,0.10449,0.17931,0.16122,0.13733,0.017159,0.039184,0.053004,0.10194,0.16019,4
401,0.044463,0.10463,0.18182,0.16316,0.13851,0.014536,0.037258,0.051516,0.102,0.1621,4
402,0.045545,0.10454,0.18023,0.16193,0.13776,0.016201,0.03848,0.052461,0.10197,0.16089,4
403,0.046723,0.10445,0.1785,0.16059,0.13694,0.018013,0.039811,0.053489,0.10192,0.15957,4
404,0.045234,0.10457,0.18069,0.16228,0.13797,0.015722,0.038128,0.052189,0.10198,0.16124,4
405,0.046685,0.10445,0.17855,0.16063,0.13697,0.017955,0.039768,0.053456,0.10192,0.15961,4
406,0.048792,0.10427,0.17545,0.15824,0.13551,0.021197,0.042148,0.055295,0.10185,0.15726,4
407,0.044945,0.10459,0.18111,0.16261,0.13817,0.015278,0.037802,0.051937,0.10199,0.16156,4
408,0.040775,0.10494,0.18726,0.16735,0.14106,0.0088607,0.033091,0.048297,0.10214,0.16622,4
409,0.045796,0.10452,0.17986,0.16164,0.13758,0.016587,0.038764,0.05268,0.10196,0.16061,4
410,0.045701,0.10453,0.18,0.16175,0.13765,0.016442,0.038657,0.052597,0.10196,0.16071,4
411,0.047111,0.10441,0.17792,0.16015,0.13667,0.018611,0.04025,0.053828,0.10191,0.15914,4
412,0.045325,0.10456,0.18055,0.16218,0.13791,0.015863,0.038232,0.052269,0.10197,0.16113,4
413,0.047079,0.10442,0.17797,0.16018,0.13669,0.018561,0.040213,0.0538,0.10191,0.15917,4
414,0.049746,0.10419,0.17404,0.15715,0.13484,0.022665,0.043226,0.056128,0.10181,0.15619,4
415,0.041418,0.10489,0.18631,0.16662,0.14062,0.0098497,0.033817,0.048858,0.10211,0.1655,4
416,0.043561,0.10471,0.18315,0.16419,0.13913,0.013147,0.036238,0.050728,0.10204,0.16311,4
417,0.04727,0.1044,0.17769,0.15997,0.13656,0.018856,0.040429,0.053967,0.1019,0.15896,4
418,0.044688,0.10462,0.18149,0.1629,0.13835,0.014881,0.037511,0.051712,0.102,0.16185,4
419,0.051568,0.10404,0.17136,0.15508,0.13358,0.025469,0.045284,0.057719,0.10175,0.15415,4
420,0.04557,0.10454,0.18019,0.1619,0.13774,0.016239,0.038508,0.052482,0.10196,0.16086,4
421,0.040661,0.10495,0.18743,0.16748,0.14114,0.0086854,0.032963,0.048197,0.10214,0.16635,4
422,0.046237,0.10449,0.17921,0.16114,0.13728,0.017266,0.039262,0.053065,0.10194,0.16011,4
423,0.04417,0.10466,0.18226,0.16349,0.13871,0.014085,0.036927,0.05126,0.10202,0.16242,4
424,0.043387,0.10472,0.18341,0.16438,0.13925,0.012879,0.036042,0.050576,0.10204,0.1633,4
425,0.046256,0.10448,0.17918,0.16112,0.13726,0.017294,0.039283,0.053081,0.10194,0.16009,4
426,0.051537,0.10404,0.1714,0.15511,0.1336,0.025422,0.04525,0.057692,0.10175,0.15419,4
427,0.045734,0.10453,0.17995,0.16171,0.13763,0.016492,0.038694,0.052626,0.10196,0.16068,4
428,0.047076,0.10442,0.17798,0.16019,0.1367,0.018556,0.040209,0.053797,0.10191,0.15918,4
429,0.048763,0.10428,0.17549,0.15827,0.13553,0.021153,0.042115,0.05527,0.10185,0.15729,4
430,0.043872,0.10468,0.1827,0.16383,0.13892,0.013626,0.036589,0.051,0.10203,0.16276,4
431,0.051798,0.10402,0.17102,0.15482,0.13342,0.025823,0.045544,0.057919,0.10174,0.1539,4
432,0.041778,0.10486,0.18578,0.16621,0.14037,0.010404,0.034225,0.049172,0.1021,0.1651,4
433,0.043904,0.10468,0.18265,0.16379,0.13889,0.013676,0.036626,0.051028,0.10202,0.16272,4
434,0.051328,0.10406,0.17171,0.15535,0.13375,0.0251,0.045013,0.057509,0.10176,0.15442,4
435,0.050799,0.10411,0.17249,0.15595,0.13411,0.024286,0.044416,0.057048,0.10178,0.15501,4
436,0.051098,0.10408,0.17205,0.15561,0.13391,0.024746,0.044753,0.057308,0.10177,0.15468,4
437,0.045458,0.10455,0.18036,0.16203,0.13782,0.016067,0.038382,0.052385,0.10197,0.16098,4
438,0.05149,0.10405,0.17147,0.15517,0.13363,0.02535,0.045197,0.057651,0.10175,0.15424,4
439,0.042969,0.10476,0.18403,0.16486,0.13954,0.012236,0.035569,0.050212,0.10206,0.16377,4
440,0.050439,0.10414,0.17302,0.15636,0.13436,0.023731,0.044008,0.056733,0.10179,0.15542,4
441,0.044032,0.10467,0.18246,0.16365,0.13881,0.013872,0.03677,0.05114,0.10202,0.16258,4
442,0.047062,0.10442,0.178,0.1602,0.13671,0.018536,0.040194,0.053785,0.10191,0.15919,4
443,0.051552,0.10404,0.17138,0.1551,0.13359,0.025445,0.045267,0.057705,0.10175,0.15417,4
444,0.045509,0.10455,0.18028,0.16197,0.13778,0.016145,0.038439,0.052429,0.10197,0.16093,4
445,0.05022,0.10415,0.17334,0.15661,0.13452,0.023396,0.043762,0.056542,0.1018,0.15566,4
446,0.046609,0.10446,0.17866,0.16072,0.13702,0.017838,0.039682,0.05339,0.10193,0.1597,4
447,0.046748,0.10444,0.17846,0.16056,0.13692,0.018052,0.039839,0.053511,0.10192,0.15954,4
448,0.040322,0.10498,0.18793,0.16787,0.14138,0.008163,0.032579,0.047901,0.10215,0.16673,4
449,0.044036,0.10467,0.18245,0.16364,0.1388,0.013879,0.036775,0.051143,0.10202,0.16257,4
450,0.049393,0.10422,0.17456,0.15755,0.13509,0.022123,0.042828,0.05582,0.10183,0.15658,4
451,0.043522,0.10471,0.18321,0.16423,0.13916,0.013088,0.036195,0.050695,0.10204,0.16315,4
452,0.040569,0.10496,0.18756,0.16759,0.14121,0.0085431,0.032858,0.048116,0.10215,0.16645,4
453,0.041197,0.10491,0.18664,0.16687,0.14077,0.0095098,0.033568,0.048665,0.10212,0.16575,4
454,0.049874,0.10418,0.17385,0.15701,0.13476,0.022862,0.04337,0.056239,0.10181,0.15605,4
455,0.051153,0.10408,0.17197,0.15555,0.13387,0.024831,0.044815,0.057356,0.10176,0.15462,4
456,0.049608,0.10421,0.17424,0.15731,0.13494,0.022453,0.04307,0.056008,0.10182,0.15634,4
457,0.048507,0.1043,0.17587,0.15856,0.1357,0.020759,0.041826,0.055047,0.10186,0.15758,4
458,0.048148,0.10433,0.1764,0.15897,0.13595,0.020206,0.04142,0.054733,0.10187,0.15798,4
459,0.048396,0.10431,0.17603,0.15869,0.13578,0.020588,0.041701,0.05495,0.10186,0.1577,4
460,0.046204,0.10449,0.17926,0.16118,0.1373,0.017215,0.039224,0.053036,0.10194,0.16015,4
461,0.040614,0.10496,0.1875,0.16754,0.14118,0.0086118,0.032909,0.048155,0.10214,0.1664,4
462,0.046399,0.10447,0.17897,0.16096,0.13717,0.017514,0.039444,0.053206,0.10193,0.15993,4
463,0.050546,0.10413,0.17286,0.15624,0.13429,0.023897,0.04413,0.056827,0.10178,0.1553,4
464,0.046274,0.10448,0.17916,0.1611,0.13725,0.017323,0.039304,0.053097,0.10194,0.16007,4
465,0.048133,0.10433,0.17642,0.15899,0.13596,0.020184,0.041404,0.05472,0.10187,0.15799,4
466,0.045644,0.10454,0.18009,0.16182,0.13769,0.016353,0.038592,0.052547,0.10196,0.16078,4
467,0.049965,0.10418,0.17372,0.1569,0.13469,0.023002,0.043473,0.056319,0.10181,0.15595,4
468,0.050189,0.10416,0.17339,0.15665,0.13454,0.023348,0.043727,0.056515,0.1018,0.15569,4
469,0.046865,0.10443,0.17829,0.16043,0.13684,0.018233,0.039972,0.053613,0.10192,0.15941,4
470,0.047217,0.1044,0.17777,0.16003,0.1366,0.018773,0.040369,0.05392,0.10191,0.15902,4
471,0.041903,0.10485,0.1856,0.16607,0.14028,0.010596,0.034365,0.049281,0.1021,0.16496,4
472,0.049241,0.10424,0.17479,0.15773,0.13519,0.021889,0.042656,0.055687,0.10183,0.15676,4
473,0.051255,0.10407,0.17182,0.15543,0.1338,0.024988,0.044931,0.057445,0.10176,0.1545,4
474,0.042868,0.10477,0.18417,0.16497,0.13961,0.012081,0.035456,0.050124,0.10206,0.16388,4
475,0.047848,0.10435,0.17684,0.15931,0.13616,0.019745,0.041082,0.054472,0.10188,0.15831,4
476,0.04583,0.10452,0.17981,0.1616,0.13756,0.01664,0.038802,0.05271,0.10196,0.16057,4
477,0.051614,0.10404,0.17129,0.15503,0.13355,0.02554,0.045336,0.057759,0.10175,0.1541,4
478,0.045722,0.10453,0.17997,0.16173,0.13763,0.016473,0.03868,0.052615,0.10196,0.16069,4
479,0.047391,0.10439,0.17751,0.15983,0.13648,0.019041,0.040565,0.054072,0.1019,0.15882,4
480,0.049099,0.10425,0.175,0.15789,0.13529,0.021669,0.042495,0.055563,0.10184,0.15691,4
481,0.044403,0.10464,0.18191,0.16323,0.13855,0.014443,0.037189,0.051463,0.10201,0.16216,4
482,0.04521,0.10457,0.18072,0.16231,0.13799,0.015686,0.038102,0.052168,0.10198,0.16126,4
483,0.044281,0.10465,0.18209,0.16337,0.13863,0.014256,0.037052,0.051357,0.10201,0.1623,4
484,0.050482,0.10413,0.17296,0.15631,0.13433,0.023799,0.044058,0.056771,0.10179,0.15537,4
485,0.046227,0.10449,0.17923,0.16115,0.13728,0.01725,0.03925,0.053056,0.10194,0.16013,4
486,0.041236,0.1049,0.18658,0.16683,0.14074,0.0095697,0.033612,0.048699,0.10212,0.16571,4
487,0.046201,0.10449,0.17926,0.16118,0.1373,0.017211,0.039222,0.053034,0.10194,0.16015,4
488,0.045734,0.10453,0.17995,0.16171,0.13763,0.016492,0.038694,0.052626,0.10196,0.16068,4
489,0.047739,0.10436,0.177,0.15943,0.13624,0.019576,0.040958,0.054376,0.10189,0.15843,4
490,0.05188,0.10402,0.1709,0.15472,0.13336,0.025949,0.045636,0.057991,0.10174,0.1538,4
491,0.042379,0.10481,0.1849,0.16553,0.13995,0.011329,0.034903,0.049697,0.10208,0.16443,4
492,0.044139,0.10466,0.1823,0.16353,0.13873,0.014038,0.036892,0.051234,0.10202,0.16246,4
493,0.051644,0.10404,0.17124,0.15499,0.13353,0.025586,0.04537,0.057785,0.10175,0.15407,4
494,0.050838,0.1041,0.17243,0.15591,0.13409,0.024346,0.044459,0.057081,0.10177,0.15497,4
495,0.040737,0.10495,0.18731,0.1674,0.14109,0.0088025,0.033049,0.048264,0.10214,0.16626,4
496,0.046473,0.10447,0.17886,0.16087,0.13711,0.017628,0.039528,0.05327,0.10193,0.15985,4
497,0.049692,0.1042,0.17412,0.15721,0.13488,0.022583,0.043165,0.056081,0.10182,0.15625,4
498,0.048906,0.10426,0.17528,0.15811,0.13543,0.021374,0.042278,0.055395,0.10184,0.15713,4
499,0.047112,0.10441,0.17792,0.16015,0.13667,0.018613,0.040251,0.053829,0.10191,0.15914,4
500,0.17026,0.106,0.025633,0.15628,0.055932,0.047919,0.025633,0.15668,0.17888,0.076788,5
501,0.16378,0.10545,0.032494,0.15109,0.059998,0.052724,0.032494,0.15145,0.1716,0.07893,5
502,0.16586,0.10562,0.03029,0.15276,0.058691,0.05118,0.03029,0.15313,0.17394,0.078242,5
503,0.1673,0.10575,0.028774,0.1539,0.057793,0.050118,0.028774,0.15428,0.17555,0.077769,5
504,0.16931,0.10592,0.026647,0.15551,0.056532,0.048628,0.026647,0.1559,0.1778,0.077105,5
505,0.16676,0.1057,0.029346,0.15347,0.058132,0.050519,0.029346,0.15385,0.17494,0.077947,5
506,0.17811,0.10667,0.017332,0.16256,0.051013,0.042105,0.017332,0.163,0.18768,0.074198,5
507,0.16738,0.10575,0.02868,0.15397,0.057738,0.050053,0.02868,0.15435,0.17564,0.077739,5
508,0.1639,0.10546,0.032372,0.15118,0.059925,0.052638,0.032372,0.15154,0.17173,0.078892,5
509,0.16817,0.10582,0.027849,0.1546,0.057245,0.049471,0.027849,0.15499,0.17653,0.07748,5
510,0.18011,0.10684,0.015212,0.16417,0.049757,0.040621,0.015212,0.16462,0.18993,0.073536,5
511,0.17713,0.10659,0.018362,0.16178,0.051623,0.042827,0.018362,0.16222,0.18659,0.074519,5
512,0.17653,0.10653,0.019004,0.1613,0.052003,0.043276,0.019004,0.16173,0.18591,0.074719,5
513,0.16595,0.10563,0.030202,0.15282,0.058639,0.051118,0.030202,0.15319,0.17403,0.078214,5
514,0.17952,0.10679,0.015839,0.16369,0.050128,0.041059,0.015839,0.16414,0.18926,0.073731,5
515,0.16479,0.10553,0.031427,0.1519,0.059365,0.051976,0.031427,0.15226,0.17273,0.078597,5
516,0.16076,0.10519,0.035695,0.14867,0.061894,0.054965,0.035695,0.14901,0.1682,0.079929,5
517,0.16526,0.10557,0.030925,0.15228,0.059068,0.051625,0.030925,0.15264,0.17326,0.07844,5
518,0.17497,0.1064,0.020651,0.16005,0.05298,0.04443,0.020651,0.16047,0.18416,0.075233,5
519,0.16471,0.10552,0.031512,0.15183,0.059416,0.052036,0.031512,0.15219,0.17264,0.078623,5
520,0.17541,0.10644,0.020183,0.16041,0.052702,0.044101,0.020183,0.16083,0.18466,0.075087,5
521,0.16619,0.10565,0.029948,0.15302,0.058489,0.05094,0.029948,0.15339,0.1743,0.078135,5
522,0.17549,0.10645,0.020098,0.16047,0.052652,0.044042,0.020098,0.16089,0.18475,0.075061,5
523,0.17878,0.10673,0.016619,0.1631,0.05059,0.041606,0.016619,0.16354,0.18844,0.073975,5
524,0.17038,0.10601,0.025511,0.15637,0.05586,0.047833,0.025511,0.15677,0.17901,0.07675,5
525,0.17607,0.1065,0.019483,0.16093,0.052288,0.043612,0.019483,0.16136,0.1854,0.074869,5
526,0.16277,0.10536,0.033563,0.15028,0.060631,0.053472,0.033563,0.15063,0.17047,0.079264,5
527,0.16332,0.10541,0.032981,0.15072,0.060286,0.053065,0.032981,0.15108,0.17108,0.079082,5
528,0.16121,0.10523,0.035211,0.14903,0.061608,0.054626,0.035211,0.14938,0.16872,0.079778,5
529,0.17257,0.1062,0.023196,0.15813,0.054488,0.046212,0.023196,0.15853,0.18146,0.076028,5
530,0.17261,0.1062,0.023146,0.15816,0.054458,0.046177,0.023146,0.15857,0.18151,0.076012,5
531,0.1663,0.10566,0.029828,0.15311,0.058418,0.050856,0.029828,0.15348,0.17443,0.078098,5
532,0.17186,0.10614,0.023948,0.15756,0.054933,0.046738,0.023948,0.15796,0.18066,0.076262,5
533,0.17462,0.10637,0.021027,0.15977,0.053202,0.044693,0.021027,0.16019,0.18376,0.075351,5
534,0.18056,0.10688,0.014738,0.16453,0.049476,0.040288,0.014738,0.16498,0.19043,0.073388,5
535,0.16219,0.10531,0.034175,0.14982,0.060994,0.053901,0.034175,0.15017,0.16982,0.079455,5
536,0.16238,0.10533,0.033975,0.14997,0.060875,0.053761,0.033975,0.15032,0.17003,0.079392,5
537,0.16877,0.10587,0.027211,0.15509,0.056867,0.049024,0.027211,0.15547,0.1772,0.077281,5
538,0.16612,0.10565,0.030014,0.15296,0.058528,0.050987,0.030014,0.15334,0.17423,0.078156,5
539,0.17592,0.10648,0.019641,0.16082,0.052381,0.043722,0.019641,0.16124,0.18523,0.074918,5
540,0.16754,0.10577,0.028515,0.1541,0.05764,0.049937,0.028515,0.15448,0.17582,0.077688,5
541,0.16955,0.10594,0.026384,0.15571,0.056377,0.048444,0.026384,0.1561,0.17808,0.077023,5
542,0.18057,0.10688,0.014728,0.16453,0.04947,0.040281,0.014728,0.16499,0.19044,0.073385,5
543,0.17924,0.10677,0.016136,0.16347,0.050304,0.041267,0.016136,0.16391,0.18895,0.073824,5
544,0.17069,0.10604,0.025181,0.15662,0.055664,0.047602,0.025181,0.15702,0.17936,0.076647,5
545,0.1805,0.10687,0.014796,0.16448,0.04951,0.040329,0.014796,0.16493,0.19037,0.073406,5
546,0.18185,0.10699,0.013369,0.16556,0.048665,0.03933,0.013369,0.16602,0.19188,0.072961,5
547,0.17581,0.10647,0.019759,0.16073,0.052451,0.043805,0.019759,0.16115,0.18511,0.074955,5
548,0.17733,0.1066,0.018155,0.16194,0.0515,0.042681,0.018155,0.16237,0.18681,0.074454,5
549,0.16924,0.10591,0.026712,0.15546,0.056571,0.048674,0.026712,0.15585,0.17773,0.077125,5
550,0.16076,0.10519,0.035696,0.14867,0.061895,0.054966,0.035696,0.14901,0.1682,0.079929,5
551,0.16577,0.10562,0.030384,0.15269,0.058747,0.051246,0.030384,0.15305,0.17384,0.078271,5
552,0.16642,0.10567,0.029702,0.1532,0.058343,0.050768,0.029702,0.15357,0.17456,0.078058,5
553,0.1675,0.10576,0.028557,0.15407,0.057665,0.049966,0.028557,0.15445,0.17578,0.077701,5
554,0.17496,0.1064,0.020658,0.16005,0.052984,0.044435,0.020658,0.16047,0.18415,0.075236,5
555,0.16496,0.10555,0.031247,0.15203,0.059259,0.05185,0.031247,0.1524,0.17292,0.078541,5
556,0.17673,0.10655,0.018793,0.16146,0.051879,0.043128,0.018793,0.16189,0.18613,0.074653,5
557,0.17538,0.10644,0.020217,0.16038,0.052722,0.044125,0.020217,0.1608,0.18462,0.075098,5
558,0.16162,0.10526,0.034781,0.14936,0.061353,0.054325,0.034781,0.1497,0.16917,0.079644,5
559,0.1743,0.10634,0.021361,0.15951,0.0534,0.044926,0.021361,0.15993,0.18341,0.075455,5
560,0.16402,0.10547,0.032246,0.15128,0.059851,0.05255,0.032246,0.15164,0.17186,0.078852,5
561,0.16642,0.10567,0.029702,0.1532,0.058343,0.050768,0.029702,0.15357,0.17456,0.078058,5
562,0.16493,0.10554,0.031274,0.15201,0.059275,0.051869,0.031274,0.15238,0.17289,0.078549,5
563,0.1653,0.10558,0.030884,0.15231,0.059043,0.051596,0.030884,0.15267,0.17331,0.078427,5
564,0.17079,0.10604,0.025078,0.1567,0.055603,0.04753,0.025078,0.1571,0.17947,0.076615,5
565,0.18028,0.10685,0.01503,0.16431,0.049648,0.040493,0.01503,0.16476,0.19012,0.073479,5
566,0.16139,0.10524,0.035029,0.14917,0.061499,0.054499,0.035029,0.14951,0.16891,0.079721,5
567,0.16991,0.10597,0.026004,0.156,0.056152,0.048179,0.026004,0.15639,0.17848,0.076904,5
568,0.16217,0.10531,0.034201,0.1498,0.061009,0.053919,0.034201,0.15015,0.16979,0.079463,5
569,0.17267,0.1062,0.023086,0.15821,0.054422,0.046135,0.023086,0.15862,0.18158,0.075993,5
570,0.16893,0.10589,0.027048,0.15521,0.05677,0.048909,0.027048,0.1556,0.17738,0.07723,5
571,0.16882,0.10588,0.027156,0.15513,0.056834,0.048985,0.027156,0.15551,0.17726,0.077264,5
572,0.17495,0.1064,0.020676,0.16003,0.052994,0.044447,0.020676,0.16045,0.18413,0.075241,5
573,0.1615,0.10525,0.034905,0.14926,0.061426,0.054412,0.034905,0.14961,0.16904,0.079683,5
574,0.17051,0.10602,0.025368,0.15648,0.055775,0.047733,0.025368,0.15688,0.17916,0.076706,5
575,0.16227,0.10532,0.034095,0.14988,0.060946,0.053844,0.034095,0.15023,0.1699,0.079429,5
576,0.16086,0.1052,0.035582,0.14875,0.061828,0.054886,0.035582,0.14909,0.16832,0.079894,5
577,0.16117,0.10522,0.035262,0.14899,0.061638,0.054662,0.035262,0.14934,0.16866,0.079794,5
578,0.17127,0.10609,0.024567,0.15709,0.0553,0.047172,0.024567,0.15749,0.18001,0.076456,5
579,0.17242,0.10618,0.023353,0.15801,0.054581,0.046322,0.023353,0.15841,0.18129,0.076077,5
580,0.16267,0.10535,0.033667,0.1502,0.060692,0.053545,0.033667,0.15055,0.17036,0.079296,5
581,0.17647,0.10653,0.019061,0.16125,0.052038,0.043316,0.019061,0.16168,0.18585,0.074737,5
582,0.16636,0.10567,0.029766,0.15315,0.058381,0.050813,0.029766,0.15353,0.17449,0.078078,5
583,0.17064,0.10603,0.025231,0.15658,0.055694,0.047637,0.025231,0.15698,0.1793,0.076663,5
584,0.163,0.10538,0.033316,0.15047,0.060485,0.053299,0.033316,0.15082,0.17073,0.079186,5
585,0.17116,0.10608,0.02468,0.157,0.055367,0.047251,0.02468,0.1574,0.17989,0.076491,5
586,0.16541,0.10558,0.030772,0.15239,0.058977,0.051518,0.030772,0.15276,0.17343,0.078392,5
587,0.18111,0.10693,0.014153,0.16497,0.049129,0.039879,0.014153,0.16542,0.19105,0.073205,5
588,0.17701,0.10658,0.018493,0.16168,0.051701,0.042918,0.018493,0.16212,0.18645,0.07456,5
589,0.17674,0.10655,0.018778,0.16147,0.05187,0.043118,0.018778,0.1619,0.18615,0.074649,5
590,0.16428,0.10549,0.031962,0.15149,0.059682,0.052351,0.031962,0.15185,0.17216,0.078764,5
591,0.16979,0.10596,0.026138,0.1559,0.056231,0.048272,0.026138,0.15629,0.17834,0.076946,5
592,0.16106,0.10521,0.035374,0.14891,0.061704,0.05474,0.035374,0.14925,0.16855,0.079829,5
593,0.16876,0.10587,0.027221,0.15508,0.056873,0.049031,0.027221,0.15546,0.17719,0.077284,5
594,0.16093,0.1052,0.035512,0.1488,0.061786,0.054837,0.035512,0.14915,0.1684,0.079872,5
595,0.1624,0.10533,0.033961,0.14998,0.060867,0.053751,0.033961,0.15033,0.17004,0.079388,5
596,0.17023,0.106,0.025669,0.15625,0.055953,0.047944,0.025669,0.15665,0.17884,0.0768,5
597,0.16619,0.10565,0.029944,0.15302,0.058487,0.050938,0.029944,0.15339,0.1743,0.078134,5
598,0.16521,0.10557,0.030978,0.15224,0.059099,0.051662,0.030978,0.1526,0.17321,0.078457,5
599,0.17856,0.10671,0.016848,0.16293,0.050726,0.041766,0.016848,0.16337,0.18819,0.074046,5
600,0.07273,0.18767,0.13085,0.090123,0.053923,0.16102,0.075993,0.099489,0.056434,0.071765,6
601,0.073229,0.18607,0.13029,0.090303,0.054767,0.1599,0.076432,0.099498,0.057232,0.072282,6
602,0.072092,0.18972,0.13157,0.089891,0.052845,0.16245,0.075431,0.099477,0.055414,0.071104,6
603,0.072948,0.18697,0.1306,0.090202,0.054292,0.16053,0.076185,0.099493,0.056783,0.071991,6
604,0.071329,0.19218,0.13244,0.089615,0.051557,0.16415,0.07476,0.099462,0.054196,0.070315,6
605,0.069684,0.19747,0.1343,0.089019,0.048776,0.16784,0.073311,0.099431,0.051568,0.068611,6
606,0.07154,0.1915,0.1322,0.089691,0.051912,0.16368,0.074945,0.099466,0.054532,0.070532,6
607,0.069452,0.19821,0.13456,0.088935,0.048385,0.16835,0.073107,0.099427,0.051197,0.068371,6
608,0.069764,0.19721,0.13421,0.089048,0.048911,0.16766,0.073381,0.099433,0.051695,0.068694,6
609,0.07126,0.1924,0.13252,0.08959,0.051439,0.16431,0.074698,0.099461,0.054085,0.070243,6
610,0.071815,0.19061,0.13189,0.089791,0.052378,0.16307,0.075188,0.099471,0.054973,0.070818,6
611,0.069778,0.19716,0.13419,0.089054,0.048936,0.16762,0.073394,0.099433,0.051719,0.068709,6
612,0.073114,0.18644,0.13042,0.090262,0.054572,0.16016,0.07633,0.099496,0.057047,0.072162,6
613,0.069449,0.19822,0.13456,0.088934,0.048379,0.16836,0.073104,0.099427,0.051192,0.068368,6
614,0.070978,0.19331,0.13283,0.089488,0.050962,0.16494,0.07445,0.099456,0.053634,0.06995,6
615,0.071797,0.19067,0.13191,0.089785,0.052347,0.16311,0.075172,0.099471,0.054944,0.070799,6
616,0.072292,0.18908,0.13135,0.089964,0.053183,0.162,0.075607,0.09948,0.055734,0.071311,6
617,0.07001,0.19642,0.13393,0.089138,0.049328,0.16711,0.073598,0.099438,0.052089,0.068949,6
618,0.073314,0.1858,0.13019,0.090334,0.054909,0.15971,0.076506,0.0995,0.057366,0.072369,6
619,0.073178,0.18623,0.13034,0.090285,0.054681,0.16002,0.076387,0.099497,0.05715,0.072229,6
620,0.071865,0.19045,0.13183,0.089809,0.052462,0.16296,0.075231,0.099472,0.055052,0.070869,6
621,0.070515,0.19479,0.13336,0.08932,0.050181,0.16598,0.074043,0.099447,0.052895,0.069471,6
622,0.071218,0.19253,0.13256,0.089575,0.051368,0.1644,0.074662,0.09946,0.054018,0.070199,6
623,0.071357,0.19209,0.13241,0.089625,0.051603,0.16409,0.074784,0.099463,0.05424,0.070343,6
624,0.071462,0.19175,0.13229,0.089663,0.051782,0.16386,0.074877,0.099465,0.054409,0.070452,6
625,0.069999,0.19645,0.13394,0.089133,0.049308,0.16713,0.073588,0.099437,0.05207,0.068937,6
626,0.07015,0.19597,0.13377,0.089188,0.049564,0.16679,0.073721,0.09944,0.052312,0.069093,6
627,0.072105,0.18968,0.13156,0.089896,0.052868,0.16242,0.075443,0.099477,0.055436,0.071118,6
628,0.07129,0.1923,0.13248,0.089601,0.05149,0.16424,0.074725,0.099462,0.054133,0.070274,6
629,0.073233,0.18606,0.13028,0.090305,0.054773,0.15989,0.076436,0.099498,0.057238,0.072286,6
630,0.071105,0.1929,0.13269,0.089534,0.051177,0.16466,0.074562,0.099458,0.053838,0.070082,6
631,0.07104,0.1931,0.13276,0.089511,0.051068,0.1648,0.074505,0.099457,0.053735,0.070015,6
632,0.071612,0.19127,0.13212,0.089718,0.052035,0.16352,0.075009,0.099468,0.054648,0.070608,6
633,0.07059,0.19455,0.13327,0.089347,0.050307,0.16581,0.074108,0.099448,0.053014,0.069549,6
634,0.070153,0.19596,0.13377,0.089189,0.049569,0.16679,0.073724,0.09944,0.052317,0.069097,6
635,0.070191,0.19583,0.13372,0.089203,0.049634,0.1667,0.073758,0.099441,0.052378,0.069136,6
636,0.071492,0.19165,0.13225,0.089674,0.051832,0.16379,0.074903,0.099465,0.054457,0.070484,6
637,0.070031,0.19635,0.13391,0.089145,0.049363,0.16706,0.073617,0.099438,0.052122,0.06897,6
638,0.073277,0.18592,0.13023,0.090321,0.054847,0.1598,0.076474,0.099499,0.057307,0.072331,6
639,0.0706,0.19452,0.13326,0.089351,0.050324,0.16579,0.074117,0.099449,0.053031,0.069559,6
640,0.072324,0.18898,0.13131,0.089976,0.053237,0.16193,0.075635,0.099481,0.055785,0.071344,6
641,0.070545,0.1947,0.13332,0.089331,0.050231,0.16591,0.074069,0.099448,0.052943,0.069502,6
642,0.071156,0.19273,0.13263,0.089552,0.051263,0.16454,0.074607,0.099459,0.053919,0.070135,6
643,0.071672,0.19107,0.13205,0.089739,0.052135,0.16339,0.075061,0.099469,0.054743,0.070669,6
644,0.070195,0.19582,0.13372,0.089204,0.04964,0.16669,0.073761,0.099441,0.052384,0.06914,6
645,0.072704,0.18776,0.13088,0.090113,0.053879,0.16108,0.07597,0.099488,0.056392,0.071738,6
646,0.071984,0.19007,0.1317,0.089852,0.052663,0.16269,0.075336,0.099475,0.055242,0.070992,6
647,0.071475,0.19171,0.13227,0.089668,0.051803,0.16383,0.074888,0.099465,0.054429,0.070466,6
648,0.073026,0.18672,0.13052,0.09023,0.054423,0.16036,0.076253,0.099494,0.056906,0.072071,6
649,0.070075,0.19621,0.13386,0.089161,0.049438,0.16696,0.073656,0.099439,0.052193,0.069016,6
650,0.070346,0.19534,0.13355,0.089259,0.049895,0.16635,0.073894,0.099444,0.052626,0.069297,6
651,0.070415,0.19512,0.13347,0.089284,0.050011,0.1662,0.073954,0.099445,0.052735,0.069368,6
652,0.073011,0.18677,0.13053,0.090224,0.054399,0.16039,0.07624,0.099494,0.056883,0.072056,6
653,0.071506,0.19161,0.13224,0.089679,0.051856,0.16376,0.074915,0.099466,0.054479,0.070498,6
654,0.071054,0.19306,0.13275,0.089516,0.051092,0.16477,0.074517,0.099457,0.053757,0.07003,6
655,0.070713,0.19416,0.13313,0.089392,0.050515,0.16553,0.074217,0.099451,0.053212,0.069676,6
656,0.073116,0.18643,0.13042,0.090262,0.054576,0.16016,0.076333,0.099496,0.057051,0.072165,6
657,0.072318,0.189,0.13132,0.089973,0.053227,0.16194,0.07563,0.099481,0.055775,0.071338,6
658,0.070823,0.1938,0.13301,0.089432,0.050701,0.16529,0.074314,0.099453,0.053388,0.06979,6
659,0.071097,0.19292,0.1327,0.089531,0.051164,0.16467,0.074555,0.099458,0.053825,0.070074,6
660,0.073282,0.1859,0.13023,0.090322,0.054855,0.15979,0.076478,0.099499,0.057315,0.072336,6
661,0.072685,0.18782,0.1309,0.090106,0.053848,0.16112,0.075953,0.099488,0.056363,0.071719,6
662,0.073314,0.1858,0.13019,0.090334,0.05491,0.15971,0.076507,0.0995,0.057367,0.072369,6
663,0.073139,0.18636,0.13039,0.090271,0.054614,0.1601,0.076353,0.099496,0.057087,0.072188,6
664,0.07088,0.19362,0.13294,0.089453,0.050798,0.16516,0.074364,0.099454,0.053479,0.069849,6
665,0.073203,0.18615,0.13032,0.090294,0.054723,0.15996,0.076409,0.099497,0.05719,0.072255,6
666,0.070069,0.19623,0.13386,0.089159,0.049428,0.16697,0.07365,0.099439,0.052183,0.06901,6
667,0.072727,0.18768,0.13085,0.090122,0.053919,0.16103,0.07599,0.099489,0.05643,0.071762,6
668,0.07244,0.18861,0.13118,0.090017,0.053433,0.16167,0.075737,0.099483,0.05597,0.071464,6
669,0.07196,0.19015,0.13172,0.089844,0.052622,0.16274,0.075315,0.099474,0.055203,0.070967,6
670,0.069459,0.19819,0.13455,0.088938,0.048397,0.16834,0.073113,0.099427,0.051209,0.068378,6
671,0.071238,0.19247,0.13254,0.089582,0.051402,0.16436,0.074679,0.099461,0.05405,0.07022,6
672,0.071543,0.19149,0.13219,0.089693,0.051918,0.16368,0.074948,0.099466,0.054538,0.070536,6
673,0.072551,0.18825,0.13105,0.090058,0.05362,0.16142,0.075835,0.099485,0.056148,0.071579,6
674,0.07306,0.18661,0.13048,0.090242,0.054481,0.16028,0.076283,0.099495,0.056962,0.072107,6
675,0.070799,0.19388,0.13304,0.089423,0.050661,0.16534,0.074293,0.099452,0.05335,0.069766,6
676,0.072418,0.18867,0.1312,0.09001,0.053396,0.16172,0.075718,0.099483,0.055936,0.071442,6
677,0.069698,0.19742,0.13428,0.089024,0.0488,0.1678,0.073324,0.099432,0.05159,0.068626,6
678,0.071547,0.19148,0.13219,0.089694,0.051924,0.16367,0.074951,0.099466,0.054544,0.07054,6
679,0.071701,0.19098,0.13202,0.08975,0.052185,0.16332,0.075087,0.099469,0.054791,0.0707,6
680,0.069216,0.19897,0.13483,0.08885,0.047986,0.16888,0.072899,0.099423,0.050821,0.068127,6
681,0.072622,0.18802,0.13097,0.090083,0.05374,0.16126,0.075897,0.099487,0.056261,0.071653,6
682,0.072899,0.18713,0.13066,0.090184,0.054209,0.16064,0.076142,0.099492,0.056704,0.07194,6
683,0.069322,0.19863,0.13471,0.088888,0.048165,0.16865,0.072992,0.099425,0.050989,0.068236,6
684,0.070078,0.1962,0.13385,0.089162,0.049443,0.16695,0.073658,0.099439,0.052198,0.069019,6
685,0.069483,0.19811,0.13453,0.088947,0.048437,0.16829,0.073134,0.099428,0.051247,0.068403,6
686,0.070717,0.19414,0.13313,0.089394,0.050522,0.16552,0.074221,0.099451,0.053218,0.069681,6
687,0.072751,0.1876,0.13083,0.09013,0.053959,0.16097,0.076011,0.099489,0.056468,0.071787,6
688,0.070815,0.19383,0.13302,0.089429,0.050688,0.1653,0.074307,0.099453,0.053375,0.069782,6
689,0.072086,0.18974,0.13158,0.089889,0.052835,0.16246,0.075426,0.099477,0.055405,0.071098,6
690,0.073,0.18681,0.13055,0.09022,0.054379,0.16042,0.07623,0.099494,0.056865,0.072044,6
691,0.071927,0.19025,0.13176,0.089832,0.052566,0.16282,0.075286,0.099474,0.055151,0.070933,6
692,0.071711,0.19095,0.132,0.089753,0.052202,0.1633,0.075096,0.099469,0.054806,0.07071,6
693,0.072553,0.18824,0.13105,0.090058,0.053624,0.16142,0.075837,0.099485,0.056151,0.071581,6
694,0.070626,0.19444,0.13323,0.08936,0.050368,0.16573,0.07414,0.099449,0.053072,0.069586,6
695,0.070916,0.1935,0.1329,0.089466,0.050858,0.16508,0.074396,0.099455,0.053536,0.069887,6
696,0.073312,0.1858,0.13019,0.090334,0.054907,0.15972,0.076505,0.0995,0.057364,0.072368,6
697,0.073132,0.18638,0.1304,0.090268,0.054602,0.16012,0.076346,0.099496,0.057076,0.072181,6
698,0.069791,0.19712,0.13418,0.089058,0.048957,0.1676,0.073405,0.099433,0.051738,0.068721,6
699,0.071926,0.19026,0.13176,0.089831,0.052564,0.16282,0.075285,0.099474,0.055149,0.070932,6
700,0.10469,0.078918,0.11655,0.032094,0.045768,0.14871,0.067888,0.12893,0.022385,0.25407,7
701,0.10491,0.077933,0.11732,0.028919,0.043231,0.15098,0.066387,0.13028,0.018756,0.26128,7
702,0.10414,0.081399,0.1146,0.040084,0.052148,0.14298,0.071667,0.12552,0.031517,0.23595,7
703,0.10386,0.082633,0.11363,0.044059,0.055323,0.14012,0.073546,0.12383,0.03606,0.22693,7
704,0.10465,0.079111,0.1164,0.032715,0.046264,0.14826,0.068182,0.12866,0.023095,0.25266,7
705,0.10443,0.080073,0.11564,0.035812,0.048737,0.14604,0.069647,0.12734,0.026635,0.24564,7
706,0.10432,0.080585,0.11524,0.037462,0.050055,0.14486,0.070427,0.12664,0.028521,0.24189,7
707,0.10528,0.076279,0.11862,0.023592,0.038977,0.1548,0.063868,0.13255,0.012667,0.27336,7
708,0.10401,0.081949,0.11417,0.041856,0.053564,0.1417,0.072505,0.12477,0.033543,0.23192,7
709,0.10428,0.080761,0.1151,0.03803,0.050508,0.14445,0.070695,0.1264,0.02917,0.24061,7
710,0.10518,0.076694,0.1183,0.02493,0.040046,0.15384,0.064501,0.13198,0.014197,0.27033,7
711,0.10468,0.078951,0.11653,0.032199,0.045851,0.14863,0.067938,0.12888,0.022504,0.25384,7
712,0.10393,0.082312,0.11389,0.043026,0.054498,0.14087,0.073058,0.12427,0.03488,0.22927,7
713,0.10497,0.077674,0.11753,0.028086,0.042566,0.15158,0.065993,0.13063,0.017804,0.26317,7
714,0.10528,0.076252,0.11864,0.023505,0.038908,0.15487,0.063827,0.13259,0.012568,0.27356,7
715,0.10496,0.077706,0.1175,0.02819,0.042649,0.15151,0.066042,0.13059,0.017922,0.26293,7
716,0.10468,0.078973,0.11651,0.032269,0.045907,0.14858,0.067971,0.12885,0.022585,0.25368,7
717,0.1048,0.078432,0.11693,0.030529,0.044517,0.14983,0.067148,0.12959,0.020596,0.25763,7
718,0.10514,0.076895,0.11814,0.025577,0.040562,0.15338,0.064806,0.1317,0.014936,0.26886,7
719,0.10408,0.081638,0.11442,0.040854,0.052763,0.14242,0.072031,0.1252,0.032397,0.2342,7
720,0.1047,0.078847,0.11661,0.031865,0.045584,0.14887,0.06778,0.12902,0.022123,0.25459,7
721,0.10418,0.081188,0.11477,0.039406,0.051607,0.14346,0.071346,0.12581,0.030742,0.23748,7
722,0.10479,0.078453,0.11692,0.030594,0.044569,0.14978,0.067179,0.12957,0.02067,0.25748,7
723,0.1043,0.080652,0.11519,0.037679,0.050228,0.1447,0.070529,0.12655,0.028768,0.2414,7
724,0.105,0.077515,0.11765,0.027574,0.042158,0.15195,0.065751,0.13085,0.017219,0.26433,7
725,0.10401,0.081951,0.11417,0.041861,0.053568,0.1417,0.072507,0.12477,0.033549,0.23191,7
726,0.104,0.082034,0.1141,0.04213,0.053782,0.14151,0.072634,0.12465,0.033855,0.2313,7
727,0.10494,0.077783,0.11744,0.028437,0.042847,0.15133,0.066159,0.13048,0.018205,0.26237,7
728,0.10438,0.080303,0.11546,0.036554,0.049329,0.14551,0.069997,0.12703,0.027482,0.24395,7
729,0.10457,0.079467,0.11612,0.033862,0.047179,0.14744,0.068724,0.12817,0.024406,0.25006,7
730,0.10515,0.076866,0.11816,0.025482,0.040486,0.15345,0.064762,0.13174,0.014827,0.26908,7
731,0.10416,0.081286,0.11469,0.039721,0.051859,0.14324,0.071495,0.12568,0.031103,0.23677,7
732,0.10455,0.07955,0.11605,0.03413,0.047393,0.14725,0.068851,0.12806,0.024711,0.24946,7
733,0.10507,0.077211,0.11789,0.026593,0.041374,0.15265,0.065287,0.13127,0.016097,0.26656,7
734,0.10417,0.081262,0.11471,0.039643,0.051796,0.14329,0.071458,0.12571,0.031013,0.23695,7
735,0.10384,0.082718,0.11357,0.044334,0.055542,0.13993,0.073676,0.12371,0.036374,0.2263,7
736,0.10502,0.077446,0.11771,0.027351,0.04198,0.15211,0.065646,0.13095,0.016964,0.26483,7
737,0.10388,0.082565,0.11369,0.043839,0.055148,0.14028,0.073442,0.12392,0.035809,0.22742,7
738,0.10388,0.082554,0.1137,0.043805,0.055121,0.14031,0.073426,0.12394,0.035771,0.2275,7
739,0.10523,0.076475,0.11847,0.024225,0.039482,0.15435,0.064167,0.13228,0.01339,0.27193,7
740,0.10461,0.079292,0.11626,0.033297,0.046728,0.14784,0.068457,0.12841,0.02376,0.25134,7
741,0.10451,0.079729,0.11591,0.034705,0.047853,0.14683,0.069123,0.12781,0.025369,0.24815,7
742,0.10467,0.078995,0.11649,0.032342,0.045965,0.14853,0.068006,0.12882,0.022668,0.25351,7
743,0.10438,0.080325,0.11545,0.036626,0.049387,0.14546,0.070031,0.127,0.027565,0.24379,7
744,0.10494,0.077777,0.11745,0.028417,0.042831,0.15134,0.066149,0.13049,0.018182,0.26242,7
745,0.10398,0.082106,0.11405,0.04236,0.053966,0.14134,0.072743,0.12455,0.034119,0.23078,7
746,0.10447,0.079883,0.11579,0.035202,0.048249,0.14648,0.069358,0.1276,0.025937,0.24702,7
747,0.10511,0.077045,0.11802,0.026059,0.040947,0.15303,0.065034,0.1315,0.015487,0.26777,7
748,0.10412,0.081456,0.11456,0.040268,0.052296,0.14284,0.071754,0.12544,0.031728,0.23553,7
749,0.10484,0.078254,0.11707,0.029954,0.044058,0.15024,0.066876,0.12984,0.019938,0.25893,7
750,0.10388,0.082545,0.1137,0.043774,0.055095,0.14033,0.073412,0.12395,0.035735,0.22757,7
751,0.10473,0.078736,0.11669,0.031506,0.045297,0.14913,0.06761,0.12918,0.021712,0.25541,7
752,0.10417,0.081243,0.11473,0.039582,0.051748,0.14334,0.071429,0.12574,0.030944,0.23708,7
753,0.10457,0.079474,0.11611,0.033882,0.047196,0.14742,0.068734,0.12817,0.024429,0.25002,7
754,0.10424,0.08095,0.11496,0.038639,0.050994,0.14401,0.070983,0.12614,0.029865,0.23922,7
755,0.10454,0.079585,0.11603,0.034242,0.047483,0.14717,0.068904,0.12801,0.02484,0.2492,7
756,0.10521,0.076591,0.11838,0.024597,0.03978,0.15408,0.064343,0.13212,0.013816,0.27108,7
757,0.10502,0.07741,0.11774,0.027235,0.041887,0.15219,0.065591,0.131,0.016832,0.2651,7
758,0.10435,0.080456,0.11534,0.037048,0.049724,0.14515,0.070231,0.12682,0.028047,0.24283,7
759,0.10512,0.076999,0.11806,0.025911,0.040829,0.15314,0.064964,0.13156,0.015317,0.2681,7
760,0.10388,0.082549,0.1137,0.043789,0.055107,0.14032,0.073419,0.12395,0.035752,0.22754,7
761,0.10472,0.078794,0.11665,0.031692,0.045446,0.14899,0.067698,0.1291,0.021926,0.25499,7
762,0.10495,0.077724,0.11749,0.028247,0.042695,0.15147,0.066069,0.13057,0.017988,0.2628,7
763,0.1039,0.08247,0.11376,0.043536,0.054905,0.1405,0.073299,0.12405,0.035462,0.22811,7
764,0.10466,0.079032,0.11646,0.032459,0.046059,0.14844,0.068061,0.12877,0.022802,0.25325,7
765,0.10414,0.081399,0.1146,0.040085,0.052149,0.14297,0.071667,0.12552,0.031519,0.23594,7
766,0.10524,0.07645,0.11849,0.024144,0.039418,0.15441,0.064129,0.13231,0.013298,0.27211,7
767,0.10486,0.078163,0.11714,0.029662,0.043825,0.15045,0.066738,0.12996,0.019606,0.25959,7
768,0.1044,0.080214,0.11553,0.036268,0.0491,0.14571,0.069862,0.12715,0.027155,0.2446,7
769,0.1044,0.080207,0.11554,0.036246,0.049083,0.14573,0.069852,0.12716,0.027131,0.24465,7
770,0.10397,0.08214,0.11402,0.042472,0.054056,0.14126,0.072796,0.12451,0.034247,0.23053,7
771,0.1039,0.082455,0.11377,0.043487,0.054866,0.14053,0.073276,0.12407,0.035407,0.22822,7
772,0.10418,0.081219,0.11474,0.039504,0.051685,0.14339,0.071392,0.12577,0.030854,0.23726,7
773,0.10491,0.077941,0.11732,0.028945,0.043253,0.15096,0.066399,0.13027,0.018786,0.26122,7
774,0.10499,0.077571,0.11761,0.027753,0.0423,0.15182,0.065835,0.13078,0.017423,0.26392,7
775,0.10455,0.079533,0.11607,0.034074,0.047349,0.14729,0.068825,0.12808,0.024648,0.24958,7
776,0.10449,0.079834,0.11583,0.035042,0.048122,0.14659,0.069283,0.12767,0.025755,0.24738,7
777,0.10409,0.08159,0.11445,0.040699,0.052639,0.14253,0.071957,0.12526,0.03222,0.23455,7
778,0.10436,0.080385,0.1154,0.036819,0.049541,0.14532,0.070123,0.12691,0.027786,0.24335,7
779,0.10473,0.078754,0.11668,0.031565,0.045345,0.14909,0.067638,0.12915,0.021781,0.25527,7
780,0.10432,0.080571,0.11525,0.037417,0.050018,0.14489,0.070405,0.12666,0.028469,0.242,7
781,0.1046,0.079313,0.11624,0.033364,0.046781,0.1478,0.068489,0.12839,0.023836,0.25119,7
782,0.1048,0.078424,0.11694,0.030501,0.044495,0.14985,0.067135,0.12961,0.020565,0.25769,7
783,0.1044,0.080218,0.11553,0.036279,0.04911,0.1457,0.069868,0.12714,0.027169,0.24458,7
784,0.10422,0.081008,0.11491,0.038824,0.051143,0.14388,0.071071,0.12606,0.030078,0.2388,7
785,0.10419,0.081171,0.11478,0.039349,0.051562,0.1435,0.071319,0.12584,0.030678,0.23761,7
786,0.10446,0.079938,0.11575,0.035379,0.048391,0.14635,0.069442,0.12753,0.02614,0.24662,7
787,0.10487,0.078094,0.1172,0.029438,0.043646,0.15061,0.066632,0.13006,0.019349,0.2601,7
788,0.10398,0.082095,0.11406,0.042326,0.053939,0.14137,0.072727,0.12457,0.034079,0.23086,7
789,0.10479,0.078473,0.1169,0.030659,0.044622,0.14973,0.06721,0.12954,0.020745,0.25733,7
790,0.10443,0.080084,0.11564,0.035848,0.048765,0.14601,0.069663,0.12733,0.026675,0.24556,7
791,0.10481,0.078386,0.11697,0.030381,0.044399,0.14993,0.067078,0.12966,0.020426,0.25796,7
792,0.10525,0.07639,0.11854,0.023951,0.039264,0.15455,0.064037,0.1324,0.013077,0.27255,7
793,0.10411,0.081544,0.11449,0.040551,0.052521,0.14264,0.071887,0.12532,0.032051,0.23489,7
794,0.10505,0.077309,0.11781,0.02691,0.041627,0.15242,0.065437,0.13114,0.01646,0.26584,7
795,0.1043,0.080673,0.11517,0.037747,0.050282,0.14465,0.070561,0.12652,0.028846,0.24125,7
796,0.10483,0.078283,0.11705,0.030048,0.044133,0.15017,0.066921,0.1298,0.020046,0.25872,7
797,0.10388,0.082543,0.11371,0.043769,0.055092,0.14033,0.073409,0.12395,0.035729,0.22758,7
798,0.10451,0.079703,0.11593,0.034623,0.047787,0.14689,0.069084,0.12785,0.025275,0.24834,7
799,0.1046,0.079311,0.11624,0.033359,0.046777,0.1478,0.068486,0.12839,0.023831,0.2512,7
800,0.10993,0.015253,0.18876,0.13773,0.12133,0.039035,0.015253,0.1895,0.15411,0.029106,8
801,0.10978,0.016531,0.18742,0.13716,0.121,0.039955,0.016531,0.18815,0.15329,0.030175,8
802,0.10884,0.024555,0.17902,0.13359,0.11899,0.045728,0.024555,0.17968,0.14817,0.036889,8
803,0.10999,0.014719,0.18932,0.13797,0.12146,0.038651,0.014719,0.19006,0.15445,0.02866,8
804,0.10964,0.01772,0.18618,0.13663,0.12071,0.04081,0.01772,0.18689,0.15253,0.03117,8
805,0.10873,0.025472,0.17806,0.13318,0.11875,0.046387,0.025472,0.17871,0.14758,0.037655,8
806,0.1105,0.010374,0.19387,0.1399,0.12255,0.035526,0.010374,0.19465,0.15722,0.025025,8
807,0.1106,0.0094879,0.1948,0.1403,0.12278,0.034888,0.0094879,0.19559,0.15779,0.024284,8
808,0.11016,0.013239,0.19087,0.13863,0.12183,0.037587,0.013239,0.19163,0.15539,0.027422,8
809,0.1094,0.019775,0.18402,0.13572,0.12019,0.042289,0.019775,0.18472,0.15122,0.03289,8
810,0.11025,0.012494,0.19165,0.13896,0.12202,0.037051,0.012494,0.19241,0.15587,0.026799,8
811,0.11006,0.014128,0.18994,0.13823,0.12161,0.038227,0.014128,0.19069,0.15482,0.028166,8
812,0.11015,0.013331,0.19077,0.13859,0.12181,0.037653,0.013331,0.19153,0.15533,0.027499,8
813,0.11033,0.011871,0.1923,0.13924,0.12218,0.036603,0.011871,0.19307,0.15626,0.026278,8
814,0.10874,0.025386,0.17815,0.13322,0.11878,0.046325,0.025386,0.1788,0.14764,0.037584,8
815,0.11036,0.011596,0.19259,0.13936,0.12225,0.036405,0.011596,0.19336,0.15644,0.026047,8
816,0.10925,0.021071,0.18267,0.13514,0.11986,0.043221,0.021071,0.18336,0.15039,0.033974,8
817,0.11008,0.013974,0.1901,0.1383,0.12165,0.038116,0.013974,0.19085,0.15492,0.028037,8
818,0.11029,0.012153,0.19201,0.13911,0.12211,0.036806,0.012153,0.19277,0.15608,0.026514,8
819,0.10891,0.023916,0.17969,0.13387,0.11915,0.045267,0.023916,0.18035,0.14857,0.036353,8
820,0.11013,0.013531,0.19056,0.1385,0.12176,0.037797,0.013531,0.19132,0.1552,0.027666,8
821,0.1088,0.024929,0.17863,0.13342,0.11889,0.045996,0.024929,0.17928,0.14793,0.037201,8
822,0.10961,0.017971,0.18591,0.13652,0.12064,0.040991,0.017971,0.18663,0.15237,0.03138,8
823,0.10924,0.021132,0.1826,0.13511,0.11985,0.043265,0.021132,0.18329,0.15035,0.034025,8
824,0.10887,0.02425,0.17934,0.13372,0.11906,0.045508,0.02425,0.18,0.14836,0.036633,8
825,0.10964,0.017733,0.18616,0.13663,0.1207,0.040819,0.017733,0.18688,0.15252,0.031181,8
826,0.10935,0.020181,0.1836,0.13554,0.12009,0.04258,0.020181,0.1843,0.15096,0.033229,8
827,0.10943,0.019469,0.18435,0.13585,0.12027,0.042069,0.019469,0.18505,0.15141,0.032634,8
828,0.10851,0.027398,0.17604,0.13232,0.11827,0.047773,0.027398,0.17667,0.14635,0.039267,8
829,0.10924,0.021096,0.18264,0.13513,0.11986,0.043239,0.021096,0.18333,0.15037,0.033995,8
830,0.10851,0.027383,0.17606,0.13233,0.11827,0.047762,0.027383,0.17669,0.14636,0.039254,8
831,0.10988,0.015685,0.18831,0.13754,0.12122,0.039346,0.015685,0.18904,0.15383,0.029468,8
832,0.10948,0.019114,0.18472,0.13601,0.12035,0.041813,0.019114,0.18542,0.15164,0.032337,8
833,0.10871,0.025676,0.17784,0.13309,0.1187,0.046534,0.025676,0.17849,0.14745,0.037826,8
834,0.11064,0.0091797,0.19512,0.14043,0.12285,0.034667,0.0091797,0.19591,0.15798,0.024026,8
835,0.11014,0.013492,0.19061,0.13851,0.12177,0.037769,0.013492,0.19136,0.15523,0.027633,8
836,0.11007,0.014056,0.19001,0.13826,0.12163,0.038175,0.014056,0.19076,0.15487,0.028106,8
837,0.10955,0.018529,0.18533,0.13627,0.1205,0.041392,0.018529,0.18604,0.15201,0.031847,8
838,0.1101,0.013768,0.19032,0.13839,0.1217,0.037967,0.013768,0.19107,0.15505,0.027864,8
839,0.10915,0.02187,0.18183,0.13478,0.11966,0.043796,0.02187,0.18251,0.14988,0.034642,8
840,0.10873,0.025456,0.17807,0.13319,0.11876,0.046375,0.025456,0.17872,0.14759,0.037642,8
841,0.11062,0.0093843,0.19491,0.14034,0.1228,0.034814,0.0093843,0.1957,0.15785,0.024197,8
842,0.10855,0.027025,0.17643,0.13249,0.11836,0.047504,0.027025,0.17707,0.14659,0.038955,8
843,0.11009,0.013854,0.19023,0.13835,0.12168,0.038029,0.013854,0.19098,0.155,0.027937,8
844,0.10864,0.026249,0.17724,0.13283,0.11856,0.046946,0.026249,0.17789,0.14708,0.038306,8
845,0.10991,0.015442,0.18856,0.13765,0.12128,0.039172,0.015442,0.1893,0.15398,0.029265,8
846,0.11,0.014678,0.18936,0.13799,0.12147,0.038622,0.014678,0.19011,0.15447,0.028625,8
847,0.10926,0.021,0.18274,0.13517,0.11988,0.04317,0.021,0.18343,0.15044,0.033914,8
848,0.10871,0.025686,0.17783,0.13309,0.1187,0.046541,0.025686,0.17848,0.14744,0.037835,8
849,0.11015,0.0134,0.1907,0.13856,0.12179,0.037703,0.0134,0.19146,0.15529,0.027557,8
850,0.1087,0.025742,0.17778,0.13306,0.11869,0.046581,0.025742,0.17842,0.14741,0.037881,8
851,0.11003,0.014387,0.18967,0.13812,0.12154,0.038413,0.014387,0.19041,0.15466,0.028383,8
852,0.10946,0.019243,0.18458,0.13595,0.12032,0.041906,0.019243,0.18529,0.15156,0.032444,8
853,0.10876,0.025261,0.17828,0.13327,0.11881,0.046235,0.025261,0.17893,0.14772,0.037478,8
854,0.11038,0.011382,0.19282,0.13945,0.1223,0.036251,0.011382,0.19359,0.15658,0.025868,8
855,0.10977,0.016576,0.18738,0.13714,0.12099,0.039987,0.016576,0.1881,0.15326,0.030214,8
856,0.10863,0.026355,0.17713,0.13279,0.11853,0.047022,0.026355,0.17778,0.14702,0.038394,8
857,0.10898,0.023309,0.18032,0.13414,0.1193,0.044831,0.023309,0.18099,0.14896,0.035846,8
858,0.10853,0.027233,0.17621,0.1324,0.11831,0.047654,0.027233,0.17685,0.14646,0.039129,8
859,0.11012,0.01359,0.1905,0.13847,0.12174,0.037839,0.01359,0.19126,0.15517,0.027716,8
860,0.10845,0.027885,0.17553,0.13211,0.11815,0.048122,0.027885,0.17616,0.14604,0.039674,8
861,0.10909,0.022411,0.18126,0.13454,0.11953,0.044185,0.022411,0.18194,0.14954,0.035094,8
862,0.10912,0.022179,0.18151,0.13465,0.11958,0.044018,0.022179,0.18219,0.14968,0.0349,8
863,0.10878,0.025052,0.1785,0.13337,0.11886,0.046085,0.025052,0.17915,0.14785,0.037304,8
864,0.10899,0.023233,0.1804,0.13418,0.11932,0.044776,0.023233,0.18107,0.14901,0.035782,8
865,0.10894,0.023672,0.17994,0.13398,0.11921,0.045092,0.023672,0.18061,0.14873,0.036149,8
866,0.11008,0.01399,0.19008,0.13829,0.12164,0.038127,0.01399,0.19083,0.15491,0.02805,8
867,0.10915,0.02186,0.18184,0.13479,0.11966,0.043788,0.02186,0.18252,0.14989,0.034633,8
868,0.10969,0.017281,0.18664,0.13683,0.12082,0.040494,0.017281,0.18736,0.15281,0.030803,8
869,0.11022,0.012765,0.19137,0.13884,0.12195,0.037246,0.012765,0.19213,0.15569,0.027025,8
870,0.10936,0.020069,0.18372,0.13559,0.12011,0.0425,0.020069,0.18441,0.15103,0.033135,8
871,0.10844,0.027989,0.17542,0.13206,0.11812,0.048197,0.027989,0.17605,0.14597,0.039761,8
872,0.10844,0.027969,0.17544,0.13207,0.11813,0.048183,0.027969,0.17607,0.14599,0.039744,8
873,0.10973,0.016955,0.18698,0.13697,0.1209,0.04026,0.016955,0.1877,0.15302,0.030531,8
874,0.1087,0.025776,0.17774,0.13305,0.11868,0.046605,0.025776,0.17839,0.14739,0.037909,8
875,0.10904,0.022858,0.1808,0.13434,0.11941,0.044507,0.022858,0.18147,0.14925,0.035469,8
876,0.11037,0.01152,0.19267,0.13939,0.12227,0.03635,0.01152,0.19344,0.15649,0.025984,8
877,0.10902,0.022978,0.18067,0.13429,0.11938,0.044593,0.022978,0.18134,0.14917,0.035569,8
878,0.11028,0.012266,0.19189,0.13906,0.12208,0.036887,0.012266,0.19266,0.15601,0.026608,8
879,0.10945,0.019336,0.18448,0.13591,0.1203,0.041973,0.019336,0.18519,0.1515,0.032522,8
880,0.10857,0.026878,0.17659,0.13255,0.1184,0.047398,0.026878,0.17722,0.14668,0.038832,8
881,0.11006,0.014114,0.18995,0.13824,0.12161,0.038216,0.014114,0.1907,0.15483,0.028154,8
882,0.11005,0.01421,0.18985,0.13819,0.12159,0.038285,0.01421,0.1906,0.15477,0.028234,8
883,0.10892,0.023897,0.17971,0.13388,0.11915,0.045254,0.023897,0.18037,0.14859,0.036337,8
884,0.10934,0.020292,0.18348,0.13549,0.12006,0.04266,0.020292,0.18418,0.15089,0.033322,8
885,0.10879,0.024979,0.17857,0.1334,0.11888,0.046032,0.024979,0.17923,0.1479,0.037243,8
886,0.1086,0.026604,0.17687,0.13268,0.11847,0.047201,0.026604,0.17751,0.14686,0.038603,8
887,0.1102,0.012944,0.19118,0.13876,0.12191,0.037374,0.012944,0.19194,0.15558,0.027175,8
888,0.1093,0.020658,0.1831,0.13532,0.11997,0.042924,0.020658,0.18379,0.15065,0.033628,8
889,0.10987,0.015777,0.18821,0.1375,0.12119,0.039412,0.015777,0.18895,0.15377,0.029545,8
890,0.10862,0.026425,0.17706,0.13276,0.11851,0.047072,0.026425,0.1777,0.14697,0.038452,8
891,0.10897,0.023416,0.18021,0.1341,0.11927,0.044908,0.023416,0.18088,0.14889,0.035935,8
892,0.10961,0.017936,0.18595,0.13654,0.12065,0.040966,0.017936,0.18667,0.15239,0.031352,8
893,0.10882,0.02474,0.17882,0.13351,0.11894,0.04586,0.02474,0.17948,0.14805,0.037043,8
894,0.10967,0.017456,0.18645,0.13675,0.12077,0.04062,0.017456,0.18717,0.1527,0.030949,8
895,0.10876,0.025249,0.17829,0.13328,0.11881,0.046226,0.025249,0.17894,0.14772,0.037468,8
896,0.11028,0.012218,0.19194,0.13908,0.12209,0.036853,0.012218,0.1927,0.15604,0.026568,8
897,0.10881,0.024844,0.17872,0.13346,0.11891,0.045935,0.024844,0.17937,0.14798,0.03713,8
898,0.10904,0.022829,0.18083,0.13436,0.11942,0.044485,0.022829,0.1815,0.14927,0.035444,8
899,0.11052,0.01022,0.19403,0.13997,0.12259,0.035415,0.01022,0.19481,0.15732,0.024897,8
900,0.068889,0.20002,0.1352,0.088731,0.047434,0.16961,0.072611,0.099417,0.050298,0.067788,9
901,0.066127,0.2089,0.13832,0.087731,0.042766,0.1758,0.070179,0.099365,0.045885,0.064928,9
902,0.066806,0.20672,0.13755,0.087977,0.043915,0.17427,0.070778,0.099377,0.046971,0.065632,9
903,0.066007,0.20928,0.13846,0.087688,0.042565,0.17606,0.070075,0.099363,0.045694,0.064804,9
904,0.067928,0.20311,0.13628,0.088383,0.04581,0.17176,0.071765,0.099399,0.048763,0.066793,9
905,0.065363,0.21136,0.13919,0.087454,0.041475,0.17751,0.069507,0.09935,0.044664,0.064137,9
906,0.064395,0.21447,0.14028,0.087104,0.039841,0.17967,0.068655,0.099332,0.043119,0.063135,9
907,0.065909,0.2096,0.13857,0.087652,0.042398,0.17628,0.069988,0.099361,0.045537,0.064703,9
908,0.069107,0.19932,0.13495,0.08881,0.047802,0.16913,0.072803,0.099421,0.050646,0.068014,9
909,0.064411,0.21442,0.14026,0.08711,0.039868,0.17963,0.068669,0.099333,0.043144,0.063152,9
910,0.06657,0.20748,0.13782,0.087891,0.043515,0.1748,0.07057,0.099373,0.046593,0.065387,9
911,0.068729,0.20054,0.13538,0.088673,0.047163,0.16997,0.07247,0.099414,0.050042,0.067622,9
912,0.066746,0.20691,0.13762,0.087955,0.043812,0.17441,0.070725,0.099376,0.046874,0.065569,9
913,0.064287,0.21482,0.1404,0.087064,0.039658,0.17991,0.06856,0.09933,0.042946,0.063023,9
914,0.068392,0.20162,0.13576,0.088552,0.046594,0.17073,0.072174,0.099407,0.049504,0.067274,9
915,0.069041,0.19953,0.13503,0.088786,0.047689,0.16928,0.072745,0.099419,0.05054,0.067945,9
916,0.067517,0.20443,0.13675,0.088234,0.045116,0.17268,0.071404,0.099391,0.048106,0.066368,9
917,0.067575,0.20424,0.13668,0.088255,0.045213,0.17255,0.071455,0.099392,0.048199,0.066428,9
918,0.066579,0.20745,0.13781,0.087895,0.043531,0.17478,0.070578,0.099373,0.046608,0.065397,9
919,0.064622,0.21374,0.14003,0.087186,0.040223,0.17916,0.068854,0.099337,0.04348,0.063369,9
920,0.065059,0.21234,0.13953,0.087344,0.040961,0.17819,0.069239,0.099345,0.044178,0.063822,9
921,0.064843,0.21303,0.13978,0.087266,0.040596,0.17867,0.069049,0.099341,0.043833,0.063598,9
922,0.066519,0.20764,0.13788,0.087873,0.043428,0.17492,0.070525,0.099372,0.046511,0.065334,9
923,0.066837,0.20662,0.13752,0.087988,0.043966,0.17421,0.070805,0.099378,0.047019,0.065663,9
924,0.069013,0.19962,0.13506,0.088776,0.047643,0.16934,0.072721,0.099419,0.050496,0.067917,9
925,0.066284,0.20839,0.13814,0.087788,0.043033,0.17544,0.070318,0.099368,0.046137,0.065091,9
926,0.067881,0.20326,0.13634,0.088366,0.045731,0.17187,0.071724,0.099398,0.048688,0.066745,9
927,0.068041,0.20275,0.13616,0.088424,0.046001,0.17151,0.071865,0.099401,0.048943,0.06691,9
928,0.068654,0.20078,0.13546,0.088646,0.047036,0.17014,0.072404,0.099412,0.049922,0.067545,9
929,0.067931,0.2031,0.13628,0.088384,0.045815,0.17176,0.071768,0.099399,0.048767,0.066796,9
930,0.067346,0.20498,0.13694,0.088172,0.044826,0.17307,0.071253,0.099388,0.047832,0.06619,9
931,0.066196,0.20868,0.13824,0.087756,0.042884,0.17564,0.070241,0.099366,0.045996,0.065,9
932,0.064871,0.21294,0.13974,0.087276,0.040645,0.1786,0.069074,0.099341,0.043879,0.063628,9
933,0.068186,0.20228,0.13599,0.088477,0.046246,0.17119,0.071993,0.099403,0.049175,0.06706,9
934,0.067387,0.20485,0.1369,0.088187,0.044895,0.17298,0.071289,0.099388,0.047898,0.066233,9
935,0.066083,0.20904,0.13837,0.087715,0.042692,0.17589,0.070141,0.099364,0.045815,0.064883,9
936,0.068438,0.20147,0.13571,0.088568,0.046672,0.17062,0.072214,0.099408,0.049578,0.067321,9
937,0.065802,0.20995,0.13869,0.087613,0.042217,0.17652,0.069894,0.099359,0.045366,0.064592,9
938,0.064738,0.21337,0.13989,0.087228,0.040419,0.1789,0.068957,0.099339,0.043666,0.06349,9
939,0.06883,0.20021,0.13526,0.08871,0.047333,0.16975,0.072559,0.099415,0.050203,0.067727,9
940,0.067897,0.20321,0.13632,0.088372,0.045758,0.17183,0.071738,0.099398,0.048713,0.066761,9
941,0.068399,0.2016,0.13575,0.088554,0.046605,0.17071,0.07218,0.099407,0.049514,0.06728,9
942,0.068645,0.20081,0.13547,0.088643,0.047021,0.17016,0.072396,0.099412,0.049907,0.067535,9
943,0.064915,0.2128,0.13969,0.087292,0.040719,0.17851,0.069113,0.099342,0.043949,0.063673,9
944,0.068445,0.20145,0.1357,0.088571,0.046684,0.17061,0.072221,0.099408,0.049589,0.067329,9
945,0.066546,0.20755,0.13785,0.087883,0.043474,0.17486,0.070548,0.099373,0.046554,0.065362,9
946,0.068789,0.20034,0.13531,0.088695,0.047264,0.16984,0.072523,0.099415,0.050138,0.067684,9
947,0.068583,0.201,0.13554,0.088621,0.046917,0.1703,0.072342,0.099411,0.049809,0.067471,9
948,0.065764,0.21007,0.13873,0.087599,0.042153,0.17661,0.06986,0.099358,0.045305,0.064552,9
949,0.067306,0.20511,0.13699,0.088158,0.04476,0.17316,0.071218,0.099387,0.04777,0.066149,9
950,0.067482,0.20454,0.13679,0.088222,0.045056,0.17276,0.071373,0.09939,0.04805,0.066331,9
951,0.065402,0.21123,0.13914,0.087468,0.041542,0.17742,0.069542,0.099351,0.044727,0.064178,9
952,0.065689,0.21031,0.13882,0.087572,0.042027,0.17677,0.069794,0.099357,0.045185,0.064475,9
953,0.068722,0.20056,0.13539,0.088671,0.04715,0.16999,0.072464,0.099413,0.05003,0.067615,9
954,0.066422,0.20795,0.13799,0.087838,0.043265,0.17513,0.070439,0.09937,0.046356,0.065234,9
955,0.066723,0.20698,0.13765,0.087947,0.043774,0.17446,0.070704,0.099376,0.046837,0.065545,9
956,0.068898,0.19999,0.13519,0.088735,0.047448,0.1696,0.072619,0.099417,0.050312,0.067797,9
957,0.066209,0.20864,0.13823,0.087761,0.042906,0.17561,0.070252,0.099366,0.046017,0.065013,9
958,0.064343,0.21464,0.14034,0.087085,0.039753,0.17979,0.068609,0.099331,0.043035,0.063081,9
959,0.064952,0.21268,0.13965,0.087305,0.040782,0.17842,0.069146,0.099343,0.044008,0.063712,9
960,0.066211,0.20863,0.13823,0.087761,0.042909,0.17561,0.070254,0.099366,0.046019,0.065015,9
961,0.06903,0.19957,0.13504,0.088782,0.047672,0.1693,0.072735,0.099419,0.050523,0.067934,9
962,0.065467,0.21102,0.13907,0.087492,0.041651,0.17727,0.069598,0.099352,0.04483,0.064245,9
963,0.06728,0.20519,0.13702,0.088148,0.044714,0.17322,0.071195,0.099386,0.047727,0.066122,9
964,0.065964,0.20942,0.13851,0.087672,0.042491,0.17616,0.070036,0.099362,0.045625,0.064759,9
965,0.065266,0.21167,0.1393,0.087419,0.041312,0.17772,0.069422,0.099349,0.04451,0.064037,9
966,0.065627,0.21051,0.13889,0.08755,0.041922,0.17691,0.06974,0.099355,0.045087,0.064411,9
967,0.066949,0.20626,0.13739,0.088029,0.044156,0.17396,0.070903,0.09938,0.047198,0.065779,9
968,0.064732,0.21339,0.1399,0.087226,0.04041,0.17892,0.068952,0.099339,0.043657,0.063484,9
969,0.064599,0.21381,0.14005,0.087177,0.040185,0.17921,0.068835,0.099336,0.043444,0.063346,9
970,0.065863,0.20975,0.13862,0.087635,0.042321,0.17638,0.069948,0.09936,0.045464,0.064655,9
971,0.067513,0.20445,0.13675,0.088233,0.045108,0.17269,0.0714,0.099391,0.048099,0.066363,9
972,0.064575,0.21389,0.14008,0.087169,0.040145,0.17927,0.068814,0.099336,0.043406,0.063322,9
973,0.069102,0.19934,0.13496,0.088809,0.047794,0.16914,0.072799,0.099421,0.050638,0.068009,9
974,0.065803,0.20994,0.13869,0.087614,0.04222,0.17652,0.069895,0.099359,0.045368,0.064593,9
975,0.064938,0.21272,0.13967,0.0873,0.040758,0.17845,0.069133,0.099342,0.043986,0.063697,9
976,0.067081,0.20583,0.13724,0.088077,0.044379,0.17366,0.07102,0.099383,0.04741,0.065916,9
977,0.068334,0.2018,0.13582,0.08853,0.046496,0.17086,0.072123,0.099406,0.049411,0.067214,9
978,0.065115,0.21215,0.13947,0.087364,0.041056,0.17806,0.069289,0.099346,0.044268,0.06388,9
979,0.068356,0.20174,0.1358,0.088538,0.046533,0.17081,0.072142,0.099407,0.049446,0.067236,9
980,0.065915,0.20958,0.13856,0.087654,0.042408,0.17627,0.069993,0.099361,0.045546,0.064709,9
981,0.065829,0.20986,0.13866,0.087623,0.042263,0.17646,0.069917,0.099359,0.045409,0.06462,9
982,0.065468,0.21102,0.13907,0.087492,0.041653,0.17727,0.0696,0.099352,0.044832,0.064246,9
983,0.065461,0.21104,0.13908,0.08749,0.041642,0.17728,0.069594,0.099352,0.044822,0.064239,9
984,0.069117,0.19929,0.13494,0.088814,0.047819,0.1691,0.072812,0.099421,0.050662,0.068024,9
985,0.065127,0.21212,0.13945,0.087369,0.041077,0.17803,0.069299,0.099346,0.044288,0.063893,9
986,0.067045,0.20595,0.13728,0.088063,0.044317,0.17374,0.070988,0.099382,0.047352,0.065878,9
987,0.065589,0.21063,0.13893,0.087536,0.041857,0.177,0.069706,0.099355,0.045026,0.064371,9
988,0.068298,0.20192,0.13587,0.088517,0.046435,0.17094,0.072091,0.099405,0.049353,0.067176,9
989,0.067474,0.20457,0.1368,0.088219,0.045043,0.17278,0.071366,0.09939,0.048038,0.066323,9
990,0.069102,0.19934,0.13496,0.088808,0.047793,0.16914,0.072799,0.099421,0.050638,0.068008,9
991,0.065719,0.21021,0.13878,0.087583,0.042078,0.17671,0.069821,0.099357,0.045234,0.064506,9
992,0.064635,0.2137,0.14001,0.087191,0.040246,0.17913,0.068867,0.099337,0.043502,0.063384,9
993,0.064349,0.21462,0.14033,0.087087,0.039763,0.17977,0.068615,0.099331,0.043045,0.063088,9
994,0.067629,0.20407,0.13662,0.088275,0.045305,0.17243,0.071502,0.099393,0.048285,0.066484,9
995,0.065596,0.21061,0.13892,0.087539,0.041869,0.17698,0.069712,0.099355,0.045037,0.064378,9
996,0.065145,0.21206,0.13943,0.087375,0.041108,0.17799,0.069316,0.099346,0.044317,0.063912,9
997,0.068482,0.20133,0.13566,0.088584,0.046747,0.17052,0.072253,0.099409,0.049648,0.067367,9
998,0.068458,0.2014,0.13568,0.088575,0.046706,0.17058,0.072232,0.099408,0.04961,0.067342,9
999,0.067753,0.20367,0.13648,0.08832,0.045514,0.17216,0.071611,0.099395,0.048483,0.066612,9
